pagePath,assistid,qid,qtitle,qtags,avgsessionduration,pvnum,logdate
/qa/kwassist/ai_tw/00000167DB6887CC0000006C6375706F795F72656C656173655155455354,ai_tw,00000167DB6887CC0000006C6375706F795F72656C656173655155455354,"請問下列程式中,多創一個欄位的原因是?","['ml100', '資料註記', 'ml100-d10']",0.0,1,2019-08-23
/qa/kwassist/ai_tw/0000016960A6ABF00000002C6375706F795F72656C656173655155455354,ai_tw,0000016960A6ABF00000002C6375706F795F72656C656173655155455354,下列程式的意思是什麼? 請求老師解說,"['ml100', 'annotationbbox,', 'ml100-d61']",0.0,1,2019-08-23
/qa/kwassist/ai_tw/0000016A2A1DE686000000586375706F795F72656C656173655155455354,ai_tw,0000016A2A1DE686000000586375706F795F72656C656173655155455354,無法安裝anaconda,"['ml100-2', 'faq', 'anaconda', '安裝']",0.0,2,2019-08-23
/qa/kwassist/ai_tw/0000016A338BE7820000026D6375706F795F72656C656173655155455354,ai_tw,0000016A338BE7820000026D6375706F795F72656C656173655155455354,如何更換jupyter預設目錄的問題,"['ml100-2', 'faq', 'python', 'jupyter', '路徑']",0.0,1,2019-08-23
/qa/kwassist/ai_tw/0000016A3AD87CC0000003956375706F795F72656C656173655155455354,ai_tw,0000016A3AD87CC0000003956375706F795F72656C656173655155455354,D1 作業3  範例程式執行問題,"['ml100-2', 'mae', 'ml100-2-d01']",0.0,1,2019-08-23
/qa/kwassist/ai_tw/0000016A466E15A5000005D06375706F795F72656C656173655155455354,ai_tw,0000016A466E15A5000005D06375706F795F72656C656173655155455354,day001-3作業,"['ml100-2', 'ml100-2-d01']",0.0,1,2019-08-23
/qa/kwassist/ai_tw/0000016A4F57F637000000176375706F795F72656C656173655155455354,ai_tw,0000016A4F57F637000000176375706F795F72656C656173655155455354,「每個問題都應該要可以被驗證」觀念釐清,"['ml100-2', '觀念', 'ml100-2-d01']",0.0,1,2019-08-23
/qa/kwassist/ai_tw/0000016A6F38CAEB000000606375706F795F72656C656173655155455354,ai_tw,0000016A6F38CAEB000000606375706F795F72656C656173655155455354,Day_004_column_data_type,"['ml100-2', '語法', 'ml100-2-d04']",0.0,1,2019-08-23
/qa/kwassist/ai_tw/0000016A906958F9000003646375706F795F72656C656173655155455354,ai_tw,0000016A906958F9000003646375706F795F72656C656173655155455354,Day 22 類別型特徵 - 基礎處理,"['ml100-2', 'ml100-2-d22', '類別型特徵']",0.0,1,2019-08-23
/qa/kwassist/ai_tw/0000016AA53996DD000000A96375706F795F72656C656173655155455354,ai_tw,0000016AA53996DD000000A96375706F795F72656C656173655155455354,Day22 講義問題,"['ml100-2', 'ml100-2-d22']",0.0,1,2019-08-23
/qa/kwassist/ai_tw/0000016ACB967C4B0000014A6375706F795F72656C656173655155455354,ai_tw,0000016ACB967C4B0000014A6375706F795F72656C656173655155455354,Day22 範例,"['ml100-2', 'ml100-2-d22']",0.0,1,2019-08-23
/qa/kwassist/ai_tw/0000016AD9F1C8B9000001CD6375706F795F72656C656173655155455354,ai_tw,0000016AD9F1C8B9000001CD6375706F795F72656C656173655155455354,Day022 範例問題,"['ml100-2-d22', 'ml100-2']",0.0,1,2019-08-23
/qa/kwassist/ai_tw/0000016AF95169D3000002936375706F795F72656C656173655155455354,ai_tw,0000016AF95169D3000002936375706F795F72656C656173655155455354,D022模型選擇,"['ml100-2', 'ml100-2-d22']",0.0,1,2019-08-23
/qa/kwassist/ai_tw/0000016B1D4E533F0000004B6375706F795F72656C656173655155455354,ai_tw,0000016B1D4E533F0000004B6375706F795F72656C656173655155455354,D39,"['ml100-2', 'ml100-2-d39']",0.0,1,2019-08-23
/qa/kwassist/ai_tw/0000016B3511D60A000000386375706F795F72656C656173655155455354,ai_tw,0000016B3511D60A000000386375706F795F72656C656173655155455354,Day023 鐵達尼生存率經均值轉換cross val score分數為1是合理的嗎?,"['ml100-2', 'ml100-2-d23']",43.0,1,2019-08-23
/qa/kwassist/ai_tw/0000016B37677017000000466375706F795F72656C656173655155455354,ai_tw,0000016B37677017000000466375706F795F72656C656173655155455354,Bagging的使用情境,"['ml100-2', 'ml100-2-d49', 'Bagging']",0.0,1,2019-08-23
/qa/kwassist/ai_tw/0000016B3CC02425000000576375706F795F72656C656173655155455354,ai_tw,0000016B3CC02425000000576375706F795F72656C656173655155455354,Day48,"['ml100-2', 'ml100-2-d48']",0.0,1,2019-08-23
/qa/kwassist/ai_tw/0000016B47293E28000000AD6375706F795F72656C656173655155455354,ai_tw,0000016B47293E28000000AD6375706F795F72656C656173655155455354,Day49該如何blending可以給些提示嗎? 想好多天了,"['day49', ' 混合泛化預測檔', 'ml100-2-d49']",0.0,2,2019-08-23
/qa/kwassist/ai_tw/0000016B485E1F27000000B36375706F795F72656C656173655155455354,ai_tw,0000016B485E1F27000000B36375706F795F72656C656173655155455354,D21,"['ml100-2-d21', 'ml100-2']",1777.0,1,2019-08-23
/qa/kwassist/ai_tw/0000016B4AD805F4000000C66375706F795F72656C656173655155455354,ai_tw,0000016B4AD805F4000000C66375706F795F72656C656173655155455354,補值使用眾數,['ml100-2-d19'],0.0,1,2019-08-23
/qa/kwassist/ai_tw/0000016B69D9F0F20000016D6375706F795F72656C656173655155455354,ai_tw,0000016B69D9F0F20000016D6375706F795F72656C656173655155455354,依 Kaggle 傳回分數調整比重?,"['ml100-2', 'ml100-2-d49']",0.0,2,2019-08-23
/qa/kwassist/ai_tw/0000016B78FAEB95000000156375706F795F72656C656173655155455354,ai_tw,0000016B78FAEB95000000156375706F795F72656C656173655155455354,Axes3d.scatter,"['ml100-2', 'ml100-2-d55']",0.0,2,2019-08-23
/qa/kwassist/ai_tw/0000016B7DF179920000001E6375706F795F72656C656173655155455354,ai_tw,0000016B7DF179920000001E6375706F795F72656C656173655155455354,Day_049_Blending,"['ml100-2', 'ml100-2-d49', 'Blending']",0.0,3,2019-08-23
/qa/kwassist/ai_tw/0000016B7E8104B8000000256375706F795F72656C656173655155455354,ai_tw,0000016B7E8104B8000000256375706F795F72656C656173655155455354,GradientBoostingRegressor參數問題,"['ml100-2-d48', 'ml100-2', 'GradientBoostingRegressor']",0.0,1,2019-08-23
/qa/kwassist/ai_tw/0000016B8804551D000000516375706F795F72656C656173655155455354,ai_tw,0000016B8804551D000000516375706F795F72656C656173655155455354,cross_val_score使用方式,"['ml100-2-d48', 'ml100-2']",720.0,1,2019-08-23
/qa/kwassist/ai_tw/0000016B89BAE540000000636375706F795F72656C656173655155455354,ai_tw,0000016B89BAE540000000636375706F795F72656C656173655155455354,D60 example & HW 圖顯示不出,"['ml100-2', 'ml100-2-d60']",0.0,1,2019-08-23
/qa/kwassist/ai_tw/0000016BB1F081EA0000012B6375706F795F72656C656173655155455354,ai_tw,0000016BB1F081EA0000012B6375706F795F72656C656173655155455354,Day038 question,"['ml100-2', 'ml100-2-d38']",0.0,1,2019-08-23
/qa/kwassist/ai_tw/0000016BBD05B1F9000000056375706F795F72656C656173655155455354,ai_tw,0000016BBD05B1F9000000056375706F795F72656C656173655155455354,Day22,"['ml100-2', 'ml100-2-d22']",0.0,2,2019-08-23
/qa/kwassist/ai_tw/0000016BD70BA4B20000007C6375706F795F72656C656173655155455354,ai_tw,0000016BD70BA4B20000007C6375706F795F72656C656173655155455354,D39 Lasso & Ridge Regression,"['ml100-2', 'ml100-2-d39']",144.0,1,2019-08-23
/qa/kwassist/ai_tw/0000016BE96C53BB000000D76375706F795F72656C656173655155455354,ai_tw,0000016BE96C53BB000000D76375706F795F72656C656173655155455354,D72 啟動函數,"['ml100-2', 'ml100-2-d72']",0.0,1,2019-08-23
/qa/kwassist/ai_tw/0000016BEA18F9AF000000E06375706F795F72656C656173655155455354,ai_tw,0000016BEA18F9AF000000E06375706F795F72656C656173655155455354,Day 75的題意與提示?,"['ml100-2', 'ml100-2-d75']",269.0,1,2019-08-23
/qa/kwassist/ai_tw/0000016BEA8FF825000000E26375706F795F72656C656173655155455354,ai_tw,0000016BEA8FF825000000E26375706F795F72656C656173655155455354,Day 76 程式碼中「第四步：資料分割」,"['ml100-2-d76', 'ml100-2']",0.0,1,2019-08-23
/qa/kwassist/ai_tw/0000016BEB8DD34E000000EA6375706F795F72656C656173655155455354,ai_tw,0000016BEB8DD34E000000EA6375706F795F72656C656173655155455354,Day76 PDF 中 Batch sizes問題,"['ml100-2-d76', 'ml100-2']",0.0,1,2019-08-23
/qa/kwassist/ai_tw/0000016BF101C52C000001126375706F795F72656C656173655155455354,ai_tw,0000016BF101C52C000001126375706F795F72656C656173655155455354,Day 76 模型的預測準確率為什麼那麼低？,"['ml100-2', 'ml100-2-d76']",0.0,1,2019-08-23
/qa/kwassist/ai_tw/0000016BF9B24464000001366375706F795F72656C656173655155455354,ai_tw,0000016BF9B24464000001366375706F795F72656C656173655155455354,The kernel appears to have died.,"['ml100-2', 'ml100-2-d79']",0.0,1,2019-08-23
/qa/kwassist/ai_tw/0000016C1343AD8B000001A76375706F795F72656C656173655155455354,ai_tw,0000016C1343AD8B000001A76375706F795F72656C656173655155455354,Day_076_Opimizer_example,"['ml100-2-d76', 'ml100-2']",0.0,1,2019-08-23
/qa/kwassist/ai_tw/0000016C2127B8C9000000246375706F795F72656C656173655155455354,ai_tw,0000016C2127B8C9000000246375706F795F72656C656173655155455354,Day88 f1-score of multi-class problem,"['ml100-2-d88', 'ml100-2']",0.0,1,2019-08-23
/qa/kwassist/ai_tw/0000016C26CFA0130000003B6375706F795F72656C656173655155455354,ai_tw,0000016C26CFA0130000003B6375706F795F72656C656173655155455354,DAY72 dReLU的問題,"['ml100-2-d72', 'ml100-2']",0.0,1,2019-08-23
/qa/kwassist/ai_tw/0000016C2CB5AA750000004C6375706F795F72656C656173655155455354,ai_tw,0000016C2CB5AA750000004C6375706F795F72656C656173655155455354,D76投影片問題,"['ml100-2', 'ml100-2-d76']",0.0,1,2019-08-23
/qa/kwassist/ai_tw/0000016C33AA6F56000000616375706F795F72656C656173655155455354,ai_tw,0000016C33AA6F56000000616375706F795F72656C656173655155455354,Day083 一直跑不出來,"['ml100-2-d83', 'ml100-2']",0.0,1,2019-08-23
/qa/kwassist/ai_tw/0000016C3B3FF97F0000006F6375706F795F72656C656173655155455354,ai_tw,0000016C3B3FF97F0000006F6375706F795F72656C656173655155455354,解讀Code?,"['ml100-2', 'ml100-2-d88']",0.0,1,2019-08-23
/qa/kwassist/ai_tw/0000016C3E0CA0AF0000007B6375706F795F72656C656173655155455354,ai_tw,0000016C3E0CA0AF0000007B6375706F795F72656C656173655155455354,d66 安裝CUDA10.1有辦法改回9.0?,"['d66 cuda', 'ml100-2-d66', 'ml100-2']",0.0,1,2019-08-23
/qa/kwassist/ai_tw/0000016C3E6091EF0000007F6375706F795F72656C656173655155455354,ai_tw,0000016C3E6091EF0000007F6375706F795F72656C656173655155455354,投影片跟題目都看不懂在寫什麼....?,[],0.0,1,2019-08-23
/qa/kwassist/ai_tw/0000016C42D6B80B000000056375706F795F72656C656173655155455354,ai_tw,0000016C42D6B80B000000056375706F795F72656C656173655155455354,D22 請問如何判斷區分 樹狀模型與非樹狀模型，?,"['ml100-2', 'ml100-2-d22']",0.0,1,2019-08-23
/qa/kwassist/ai_tw/0000016C437188400000000A6375706F795F72656C656173655155455354,ai_tw,0000016C437188400000000A6375706F795F72656C656173655155455354,Day093 Dense和Conv2D的差異是?,"['ml100-2', 'ml100-2-d68']",0.0,1,2019-08-23
/qa/kwassist/ai_tw/0000016C45DAEFA0000000106375706F795F72656C656173655155455354,ai_tw,0000016C45DAEFA0000000106375706F795F72656C656173655155455354,Day72啟動函數-什麼是無效的神經元,"['ml100-2-d72', 'ml100-2']",0.0,1,2019-08-23
/qa/kwassist/ai_tw/0000016C48AAC1DA0000001F6375706F795F72656C656173655155455354,ai_tw,0000016C48AAC1DA0000001F6375706F795F72656C656173655155455354,完賽證明,[],0.0,2,2019-08-23
/qa/kwassist/ai_tw/0000016C4AF0ACDE000000246375706F795F72656C656173655155455354,ai_tw,0000016C4AF0ACDE000000246375706F795F72656C656173655155455354,非監督式學習降維目的,"['ml100-2', 'ml100-2-d54']",0.0,1,2019-08-23
/qa/kwassist/ai_tw/0000016C4E174015000000356375706F795F72656C656173655155455354,ai_tw,0000016C4E174015000000356375706F795F72656C656173655155455354,Day 88 的 self.validation_data 的意義是什麼？,"['ml100-2-d88', 'ml100-2']",0.0,1,2019-08-23
/qa/kwassist/ai_tw/0000016C5B9AB89B0000004B6375706F795F72656C656173655155455354,ai_tw,0000016C5B9AB89B0000004B6375706F795F72656C656173655155455354,cifar_generator的labels,"['ml100-2', 'ml100-2-d98']",0.0,1,2019-08-23
/qa/kwassist/ai_tw/0000016C67B9F9F8000000766375706F795F72656C656173655155455354,ai_tw,0000016C67B9F9F8000000766375706F795F72656C656173655155455354,Day088,"['ml100-2', 'ml100-2-d88']",1771.0,2,2019-08-23
/qa/kwassist/ai_tw/0000016C67DC28220000007A6375706F795F72656C656173655155455354,ai_tw,0000016C67DC28220000007A6375706F795F72656C656173655155455354,model.add activation,[],0.0,1,2019-08-23
/qa/kwassist/ai_tw/0000016C695AF93B0000007B6375706F795F72656C656173655155455354,ai_tw,0000016C695AF93B0000007B6375706F795F72656C656173655155455354,D89,"['ml100-2', 'ml100-2-d89']",0.0,4,2019-08-23
/qa/kwassist/ai_tw/0000016C6A10A45C0000007F6375706F795F72656C656173655155455354,ai_tw,0000016C6A10A45C0000007F6375706F795F72656C656173655155455354,關於cross validation score,['ml100-2'],0.0,2,2019-08-23
/qa/kwassist/ai_tw/0000016C703495E4000000046375706F795F72656C656173655155455354,ai_tw,0000016C703495E4000000046375706F795F72656C656173655155455354,圖片餵給keras?,[],0.0,1,2019-08-23
/qa/kwassist/ai_tw/0000016C7A5D02280000002D6375706F795F72656C656173655155455354,ai_tw,0000016C7A5D02280000002D6375706F795F72656C656173655155455354,如何根據目標選擇機器學習模型？,['ml100-3'],0.0,4,2019-08-23
/qa/kwassist/ai_tw/0000016C7C2AFBBE000000346375706F795F72656C656173655155455354,ai_tw,0000016C7C2AFBBE000000346375706F795F72656C656173655155455354,Day56 用silhouette score判斷分群的優點是?,"['ml100-2', 'ml100-2-d56']",1.0,1,2019-08-23
/qa/kwassist/ai_tw/0000016C7ED9E8FA000000356375706F795F72656C656173655155455354,ai_tw,0000016C7ED9E8FA000000356375706F795F72656C656173655155455354,Day57 linkage='ward'具體是怎麼運算?,"['ml100-2', 'ml100-2-d57']",0.0,1,2019-08-23
/qa/kwassist/ai_tw/0000016C8F567424000000856375706F795F72656C656173655155455354,ai_tw,0000016C8F567424000000856375706F795F72656C656173655155455354,答案說2比3分數高很多，可是silhouette score卻比較低?,"['ml100-2', 'ml100-2-d56']",160.0,1,2019-08-23
/qa/kwassist/ai_tw/0000016C8F6F7A4B000000926375706F795F72656C656173655155455354,ai_tw,0000016C8F6F7A4B000000926375706F795F72656C656173655155455354,D97_將影像進行攤平,"['ml100-2-d97', 'ml100-2']",0.0,2,2019-08-23
/qa/kwassist/ai_tw/0000016C910FBCBF0000009D6375706F795F72656C656173655155455354,ai_tw,0000016C910FBCBF0000009D6375706F795F72656C656173655155455354,D94  Convolution2D 超參數,"['ml100-2', 'ml100-2-d92', 'ml100-2-d93', 'ml100-2-d94']",0.0,1,2019-08-23
/qa/kwassist/ai_tw/0000016C94D2A8FA000000046375706F795F72656C656173655155455354,ai_tw,0000016C94D2A8FA000000046375706F795F72656C656173655155455354,期中考、期末考 可提供範例解答嗎?,"['期中考', '期末考', 'kaggle']",0.0,5,2019-08-23
/qa/kwassist/ai_tw/0000016C98BC97EF000000116375706F795F72656C656173655155455354,ai_tw,0000016C98BC97EF000000116375706F795F72656C656173655155455354,"我想上載 ipynb file 去Jupyter notebook, 但有error?",[],0.0,2,2019-08-23
/qa/kwassist/ai_tw/0000016C9E5C438B000000276375706F795F72656C656173655155455354,ai_tw,0000016C9E5C438B000000276375706F795F72656C656173655155455354,GitHub upload error,"['ml100-3', 'ml100-3-d02', 'github']",0.0,3,2019-08-23
/qa/kwassist/ai_tw/0000016CA8818E20000000076375706F795F72656C656173655155455354,ai_tw,0000016CA8818E20000000076375706F795F72656C656173655155455354,D89 抓不到bug...,"['ml100-2', 'ml100-2-d89']",2676.0,2,2019-08-23
/qa/kwassist/ai_tw/0000016CADFDA9C0000000246375706F795F72656C656173655155455354,ai_tw,0000016CADFDA9C0000000246375706F795F72656C656173655155455354,D49 補缺值的方式?,"['ml100-2', 'ml100-2-d49']",0.0,1,2019-08-23
/qa/kwassist/ai_tw/0000016CB01F6FC40000002D6375706F795F72656C656173655155455354,ai_tw,0000016CB01F6FC40000002D6375706F795F72656C656173655155455354,固定GPU結果,"['ml100-2', '固定gpu結果']",0.0,1,2019-08-23
/qa/kwassist/ai_tw/0000016CB30A385E000000366375706F795F72656C656173655155455354,ai_tw,0000016CB30A385E000000366375706F795F72656C656173655155455354,卷基層 全連接層?,[],24.0,6,2019-08-23
/qa/kwassist/ai_tw/0000016CB345C1B90000003A6375706F795F72656C656173655155455354,ai_tw,0000016CB345C1B90000003A6375706F795F72656C656173655155455354,DAY1:-作業範例MAE中實際值的算法,"['ml100-3', 'ml100-3-d01', 'mae', '作業']",61.0,10,2019-08-23
/qa/kwassist/ai_tw/0000016CB4A6EEC6000000466375706F795F72656C656173655155455354,ai_tw,0000016CB4A6EEC6000000466375706F795F72656C656173655155455354,D49 如何判斷相異值不具有代表性?,"['ml100-2', 'ml100-2-d49']",0.0,1,2019-08-23
/qa/kwassist/ai_tw/0000016CB66868020000004A6375706F795F72656C656173655155455354,ai_tw,0000016CB66868020000004A6375706F795F72656C656173655155455354,MEA解釋,"['ml100-3', 'ml100-3-d01']",395.0,11,2019-08-23
/qa/kwassist/ai_tw/0000016CB9E9E42A000000546375706F795F72656C656173655155455354,ai_tw,0000016CB9E9E42A000000546375706F795F72656C656173655155455354,D055 bad initialization和ground truth疑問,"['ml100-2', 'ml100-2-d55']",1496.0,8,2019-08-23
/qa/kwassist/ai_tw/0000016CBE02AFE1000000056375706F795F72656C656173655155455354,ai_tw,0000016CBE02AFE1000000056375706F795F72656C656173655155455354,安裝完anaconda3完，無法順利打開Jupyter Notebook,['安裝'],0.0,3,2019-08-23
/qa/kwassist/ai_tw/00000168452AFD8A000000506375706F795F72656C656173655155455354,ai_tw,00000168452AFD8A000000506375706F795F72656C656173655155455354,請問df_temp['Ticket_Hash'] = df['Ticket'].map(lambda x:hash(x) % 10)這一行程式的意思是什麼?,"['ml100', '特徵雜湊', 'ml100-d24']",0.0,1,2019-08-24
/qa/kwassist/ai_tw/0000016A2B7346C1000000AE6375706F795F72656C656173655155455354,ai_tw,0000016A2B7346C1000000AE6375706F795F72656C656173655155455354,請問...題目要去哪找？,"['ml100-2', 'faq', '題目']",0.0,1,2019-08-24
/qa/kwassist/ai_tw/0000016A8DDE26D60000033A6375706F795F72656C656173655155455354,ai_tw,0000016A8DDE26D60000033A6375706F795F72656C656173655155455354,"HW 023 # 均值編碼寫法可以解釋一下嗎, 看起來很繞?","['均值編碼data', 'ml100-2', 'ml100-2-d23']",0.0,1,2019-08-24
/qa/kwassist/ai_tw/0000016A9DA6E147000000346375706F795F72656C656173655155455354,ai_tw,0000016A9DA6E147000000346375706F795F72656C656173655155455354,Day 23,"['只取類別值', '對照組', 'ml100-2', 'ml100-2-d23']",0.0,1,2019-08-24
/qa/kwassist/ai_tw/0000016A9F9CCE7A000000406375706F795F72656C656173655155455354,ai_tw,0000016A9F9CCE7A000000406375706F795F72656C656173655155455354,特徵工程前的資料處理,['ml100-2'],0.0,1,2019-08-24
/qa/kwassist/ai_tw/0000016AA531C0FF000000A66375706F795F72656C656173655155455354,ai_tw,0000016AA531C0FF000000A66375706F795F72656C656173655155455354,Day23_範例解答drop欄位,"['ml100-2', 'ml100-2-d23']",0.0,1,2019-08-24
/qa/kwassist/ai_tw/0000016AB04E33E7000000166375706F795F72656C656173655155455354,ai_tw,0000016AB04E33E7000000166375706F795F72656C656173655155455354,day024:  Cabin=  None是否需要額外處理,"['ml100-2', 'ml100-2-d24']",0.0,1,2019-08-24
/qa/kwassist/ai_tw/0000016AB42D8674000000386375706F795F72656C656173655155455354,ai_tw,0000016AB42D8674000000386375706F795F72656C656173655155455354,特徵工程是否能對不同變數各別做適合的資料轉換?,"['ml100-2', '特徵工程']",0.0,1,2019-08-24
/qa/kwassist/ai_tw/0000016AB71835DD000000896375706F795F72656C656173655155455354,ai_tw,0000016AB71835DD000000896375706F795F72656C656173655155455354,HW23 ANS,"['ml100-2', 'ml100-2-d23']",0.0,1,2019-08-24
/qa/kwassist/ai_tw/0000016ABA2AD1160000009A6375706F795F72656C656173655155455354,ai_tw,0000016ABA2AD1160000009A6375706F795F72656C656173655155455354,Day023請教做drop的時機點,"['ml100-2', 'ml100-2-d23']",0.0,2,2019-08-24
/qa/kwassist/ai_tw/0000016AC15A2E7E000000F46375706F795F72656C656173655155455354,ai_tw,0000016AC15A2E7E000000F46375706F795F72656C656173655155455354,Day 30 31,"['ml100-2', 'ml100-2-d30', 'ml100-2-d31']",0.0,1,2019-08-24
/qa/kwassist/ai_tw/0000016ACC474BB4000001566375706F795F72656C656173655155455354,ai_tw,0000016ACC474BB4000001566375706F795F72656C656173655155455354,Day29範例問題-重要性高低排序,"['ml100-2', 'ml100-2-d29']",0.0,1,2019-08-24
/qa/kwassist/ai_tw/0000016ACDEEED890000015E6375706F795F72656C656173655155455354,ai_tw,0000016ACDEEED890000015E6375706F795F72656C656173655155455354,Day29_HW,"['ml100-2', 'ml100-2-d29']",0.0,1,2019-08-24
/qa/kwassist/ai_tw/0000016ACF301A6E000001696375706F795F72656C656173655155455354,ai_tw,0000016ACF301A6E000001696375706F795F72656C656173655155455354,"Day23 HW , 關於overfitting","['ml100-2', 'ml100-2-d23']",0.0,1,2019-08-24
/qa/kwassist/ai_tw/0000016AD4802F3A000001A06375706F795F72656C656173655155455354,ai_tw,0000016AD4802F3A000001A06375706F795F72656C656173655155455354,D17 非結構化資料的特徵工程,"['ml100-2', 'ml100-2-d17', '教材內容', '特徵工程']",0.0,1,2019-08-24
/qa/kwassist/ai_tw/0000016AD5988C12000001AF6375706F795F72656C656173655155455354,ai_tw,0000016AD5988C12000001AF6375706F795F72656C656173655155455354,Day_013_HW,"['ml100-2-d13', 'ml100-2']",0.0,1,2019-08-24
/qa/kwassist/ai_tw/0000016ADE95F717000001E56375706F795F72656C656173655155455354,ai_tw,0000016ADE95F717000001E56375706F795F72656C656173655155455354,數值與數值組合，若只是將自變數加減一個常數有意義嗎,"['ml100-2', 'ml100-2-d26']",0.0,1,2019-08-24
/qa/kwassist/ai_tw/0000016AE7F6DA200000022E6375706F795F72656C656173655155455354,ai_tw,0000016AE7F6DA200000022E6375706F795F72656C656173655155455354,特徵工程方法問題,['ml100-2'],0.0,1,2019-08-24
/qa/kwassist/ai_tw/0000016AFA1E154A0000029D6375706F795F72656C656173655155455354,ai_tw,0000016AFA1E154A0000029D6375706F795F72656C656173655155455354,D23 中均值編碼的 model 如何作 預測?,"['ml100-2', 'ml100-2-d23']",0.0,1,2019-08-24
/qa/kwassist/ai_tw/0000016AFCE30AE2000002A96375706F795F72656C656173655155455354,ai_tw,0000016AFCE30AE2000002A96375706F795F72656C656173655155455354,Day20範例-增加其他特徵離群捨棄造成準確度下降,"['ml100-2-d20', 'ml100-2']",0.0,1,2019-08-24
/qa/kwassist/ai_tw/0000016B27F70C91000000066375706F795F72656C656173655155455354,ai_tw,0000016B27F70C91000000066375706F795F72656C656173655155455354,等寬劃分(D12)後使用LinearRegression()做訓練是否可行?,"['ml100-2', 'ml100-2-d12', 'Linear Regression']",0.0,1,2019-08-24
/qa/kwassist/ai_tw/0000016B3511D60A000000386375706F795F72656C656173655155455354,ai_tw,0000016B3511D60A000000386375706F795F72656C656173655155455354,Day023 鐵達尼生存率經均值轉換cross val score分數為1是合理的嗎?,"['ml100-2', 'ml100-2-d23']",0.0,1,2019-08-24
/qa/kwassist/ai_tw/0000016B41A295E2000000856375706F795F72656C656173655155455354,ai_tw,0000016B41A295E2000000856375706F795F72656C656173655155455354,請問題中考考題的題意,"['ml100-2', 'ml100-2-d51']",0.0,1,2019-08-24
/qa/kwassist/ai_tw/0000016B41B2A6D6000000876375706F795F72656C656173655155455354,ai_tw,0000016B41B2A6D6000000876375706F795F72656C656173655155455354,D025 週期循環特徵問題,"['ml100-2', 'ml100-2-d25']",0.0,1,2019-08-24
/qa/kwassist/ai_tw/0000016B4203CEA2000000916375706F795F72656C656173655155455354,ai_tw,0000016B4203CEA2000000916375706F795F72656C656173655155455354,檔案無法下載,"['ml100-2', 'ml100-2-d51']",0.0,1,2019-08-24
/qa/kwassist/ai_tw/0000016B4F28E91C000000DC6375706F795F72656C656173655155455354,ai_tw,0000016B4F28E91C000000DC6375706F795F72656C656173655155455354,Day33-Overfitting的解釋,"['ml100-2', 'ml100-2-d33']",0.0,1,2019-08-24
/qa/kwassist/ai_tw/0000016B5735FB7C000001056375706F795F72656C656173655155455354,ai_tw,0000016B5735FB7C000001056375706F795F72656C656173655155455354,期中問題,"['ml100-2-d51', '期中考']",0.0,1,2019-08-24
/qa/kwassist/ai_tw/0000016B58C76730000001066375706F795F72656C656173655155455354,ai_tw,0000016B58C76730000001066375706F795F72656C656173655155455354,最低準確度 AUC 需⼤大於0.63?,"['ml100-2-d51', 'AUC']",0.0,1,2019-08-24
/qa/kwassist/ai_tw/0000016B700ED3D6000001906375706F795F72656C656173655155455354,ai_tw,0000016B700ED3D6000001906375706F795F72656C656173655155455354,D56 輪廓分析(Silhouette analysis) 圖如何解讀? 實際價值何在？,"['ml100-2', 'ml100-2-d56']",0.0,1,2019-08-24
/qa/kwassist/ai_tw/0000016B7A9236BE0000001B6375706F795F72656C656173655155455354,ai_tw,0000016B7A9236BE0000001B6375706F795F72656C656173655155455354,Day58 如何判斷2維均勻分布的分群效果?,"['ml100-2', 'ml100-2-d58']",0.0,1,2019-08-24
/qa/kwassist/ai_tw/0000016B831C36D50000003B6375706F795F72656C656173655155455354,ai_tw,0000016B831C36D50000003B6375706F795F72656C656173655155455354,D55,"['ml100-2', 'ml100-2-d55']",0.0,1,2019-08-24
/qa/kwassist/ai_tw/0000016BD9657DF3000000856375706F795F72656C656173655155455354,ai_tw,0000016BD9657DF3000000856375706F795F72656C656173655155455354,Day73 解答2 問題,"['ml100-2', 'gradient descent', 'ml100-2-d73']",0.0,1,2019-08-24
/qa/kwassist/ai_tw/0000016BD97F27A9000000876375706F795F72656C656173655155455354,ai_tw,0000016BD97F27A9000000876375706F795F72656C656173655155455354,Day071 各 loss function 的區別,"[' keras', 'loss', 'binary_crossentropy', 'categorical_crossentropy', 'ml100-2-d71', 'ml100-2']",0.0,2,2019-08-24
/qa/kwassist/ai_tw/0000016BDBFF4EFC000000946375706F795F72656C656173655155455354,ai_tw,0000016BDBFF4EFC000000946375706F795F72656C656173655155455354,D73投影片的幾個問題,"['ml100-2', 'ml100-2-d73']",4286.0,1,2019-08-24
/qa/kwassist/ai_tw/0000016BEE1AF6CF000000F86375706F795F72656C656173655155455354,ai_tw,0000016BEE1AF6CF000000F86375706F795F72656C656173655155455354,Day75  直行橫列 還是 直列橫行 ?,"['ml100-2', 'ml100-2-d75']",0.0,1,2019-08-24
/qa/kwassist/ai_tw/0000016BEE54C030000000FC6375706F795F72656C656173655155455354,ai_tw,0000016BEE54C030000000FC6375706F795F72656C656173655155455354,Day77 shuffle問題?,"['ml100-2-d77', 'ml100-2']",116.0,1,2019-08-24
/qa/kwassist/ai_tw/0000016BF101C52C000001126375706F795F72656C656173655155455354,ai_tw,0000016BF101C52C000001126375706F795F72656C656173655155455354,Day 76 模型的預測準確率為什麼那麼低？,"['ml100-2', 'ml100-2-d76']",0.0,1,2019-08-24
/qa/kwassist/ai_tw/0000016BF117C536000001166375706F795F72656C656173655155455354,ai_tw,0000016BF117C536000001166375706F795F72656C656173655155455354,Day074 動量的練習,"['ml100-2-d74', 'ml100-2']",0.0,1,2019-08-24
/qa/kwassist/ai_tw/0000016BFD6DBAAA000001436375706F795F72656C656173655155455354,ai_tw,0000016BFD6DBAAA000001436375706F795F72656C656173655155455354,Day077練習範例無法執行,"['ml100-2', 'ml100-2-d77']",0.0,1,2019-08-24
/qa/kwassist/ai_tw/0000016C0A84F657000001746375706F795F72656C656173655155455354,ai_tw,0000016C0A84F657000001746375706F795F72656C656173655155455354,Day 81 regulizer問題?,"['ml100-2-d81', 'ml100-2']",0.0,1,2019-08-24
/qa/kwassist/ai_tw/0000016C1343AD8B000001A76375706F795F72656C656173655155455354,ai_tw,0000016C1343AD8B000001A76375706F795F72656C656173655155455354,Day_076_Opimizer_example,"['ml100-2-d76', 'ml100-2']",0.0,1,2019-08-24
/qa/kwassist/ai_tw/0000016C1F3DFE600000001D6375706F795F72656C656173655155455354,ai_tw,0000016C1F3DFE600000001D6375706F795F72656C656173655155455354,Day083教材提到BatchNormalization可以取代dropout和regularizes的問題?,"['ml100-2', 'ml100-2-d83']",0.0,1,2019-08-24
/qa/kwassist/ai_tw/0000016C2CB5AA750000004C6375706F795F72656C656173655155455354,ai_tw,0000016C2CB5AA750000004C6375706F795F72656C656173655155455354,D76投影片問題,"['ml100-2', 'ml100-2-d76']",0.0,1,2019-08-24
/qa/kwassist/ai_tw/0000016C3B3FF97F0000006F6375706F795F72656C656173655155455354,ai_tw,0000016C3B3FF97F0000006F6375706F795F72656C656173655155455354,解讀Code?,"['ml100-2', 'ml100-2-d88']",0.0,1,2019-08-24
/qa/kwassist/ai_tw/0000016C3E1987AF0000007D6375706F795F72656C656173655155455354,ai_tw,0000016C3E1987AF0000007D6375706F795F72656C656173655155455354,Batch Normalization在模型儲存後的testing問題,"['ml100-2', 'batch normalization', 'ml100-2-d83']",0.0,1,2019-08-24
/qa/kwassist/ai_tw/0000016C43569D69000000096375706F795F72656C656173655155455354,ai_tw,0000016C43569D69000000096375706F795F72656C656173655155455354,Day71-正確的使用損失函數?,"['ml100-2-d71', 'ml100-2']",62.0,1,2019-08-24
/qa/kwassist/ai_tw/0000016C45DAEFA0000000106375706F795F72656C656173655155455354,ai_tw,0000016C45DAEFA0000000106375706F795F72656C656173655155455354,Day72啟動函數-什麼是無效的神經元,"['ml100-2-d72', 'ml100-2']",1708.0,1,2019-08-24
/qa/kwassist/ai_tw/0000016C4AF0ACDE000000246375706F795F72656C656173655155455354,ai_tw,0000016C4AF0ACDE000000246375706F795F72656C656173655155455354,非監督式學習降維目的,"['ml100-2', 'ml100-2-d54']",0.0,1,2019-08-24
/qa/kwassist/ai_tw/0000016C4E174015000000356375706F795F72656C656173655155455354,ai_tw,0000016C4E174015000000356375706F795F72656C656173655155455354,Day 88 的 self.validation_data 的意義是什麼？,"['ml100-2-d88', 'ml100-2']",0.0,1,2019-08-24
/qa/kwassist/ai_tw/0000016C67B9F9F8000000766375706F795F72656C656173655155455354,ai_tw,0000016C67B9F9F8000000766375706F795F72656C656173655155455354,Day088,"['ml100-2', 'ml100-2-d88']",7.0,1,2019-08-24
/qa/kwassist/ai_tw/0000016C7A0E2DC4000000276375706F795F72656C656173655155455354,ai_tw,0000016C7A0E2DC4000000276375706F795F72656C656173655155455354,Day 55,"['ml100-2', 'ml100-2-d55']",3.0,1,2019-08-24
/qa/kwassist/ai_tw/0000016C8F567424000000856375706F795F72656C656173655155455354,ai_tw,0000016C8F567424000000856375706F795F72656C656173655155455354,答案說2比3分數高很多，可是silhouette score卻比較低?,"['ml100-2', 'ml100-2-d56']",0.0,1,2019-08-24
/qa/kwassist/ai_tw/0000016C910FBCBF0000009D6375706F795F72656C656173655155455354,ai_tw,0000016C910FBCBF0000009D6375706F795F72656C656173655155455354,D94  Convolution2D 超參數,"['ml100-2', 'ml100-2-d92', 'ml100-2-d93', 'ml100-2-d94']",0.0,1,2019-08-24
/qa/kwassist/ai_tw/0000016C94D2A8FA000000046375706F795F72656C656173655155455354,ai_tw,0000016C94D2A8FA000000046375706F795F72656C656173655155455354,期中考、期末考 可提供範例解答嗎?,"['期中考', '期末考', 'kaggle']",0.0,1,2019-08-24
/qa/kwassist/ai_tw/0000016C98BC97EF000000116375706F795F72656C656173655155455354,ai_tw,0000016C98BC97EF000000116375706F795F72656C656173655155455354,"我想上載 ipynb file 去Jupyter notebook, 但有error?",[],0.0,1,2019-08-24
/qa/kwassist/ai_tw/0000016C9E5C438B000000276375706F795F72656C656173655155455354,ai_tw,0000016C9E5C438B000000276375706F795F72656C656173655155455354,GitHub upload error,"['ml100-3', 'ml100-3-d02', 'github']",0.0,3,2019-08-24
/qa/kwassist/ai_tw/0000016CB30A385E000000366375706F795F72656C656173655155455354,ai_tw,0000016CB30A385E000000366375706F795F72656C656173655155455354,卷基層 全連接層?,[],0.0,1,2019-08-24
/qa/kwassist/ai_tw/0000016CB345C1B90000003A6375706F795F72656C656173655155455354,ai_tw,0000016CB345C1B90000003A6375706F795F72656C656173655155455354,DAY1:-作業範例MAE中實際值的算法,"['ml100-3', 'ml100-3-d01', 'mae', '作業']",79.0,11,2019-08-24
/qa/kwassist/ai_tw/0000016CB66868020000004A6375706F795F72656C656173655155455354,ai_tw,0000016CB66868020000004A6375706F795F72656C656173655155455354,MEA解釋,"['ml100-3', 'ml100-3-d01']",0.0,9,2019-08-24
/qa/kwassist/ai_tw/0000016CB9E9E42A000000546375706F795F72656C656173655155455354,ai_tw,0000016CB9E9E42A000000546375706F795F72656C656173655155455354,D055 bad initialization和ground truth疑問,"['ml100-2', 'ml100-2-d55']",1482.0,3,2019-08-24
/qa/kwassist/ai_tw/0000016CBE02AFE1000000056375706F795F72656C656173655155455354,ai_tw,0000016CBE02AFE1000000056375706F795F72656C656173655155455354,安裝完anaconda3完，無法順利打開Jupyter Notebook,['安裝'],0.0,3,2019-08-24
/qa/kwassist/ai_tw/0000016A35BC37D3000002E06375706F795F72656C656173655155455354,ai_tw,0000016A35BC37D3000002E06375706F795F72656C656173655155455354,D3問題,"['ml100-2', 'ml100-2-d03']",0.0,1,2019-08-25
/qa/kwassist/ai_tw/0000016A38E8A3CC0000034E6375706F795F72656C656173655155455354,ai_tw,0000016A38E8A3CC0000034E6375706F795F72656C656173655155455354,DAY1 python寫法,"['ml100-2', 'python', 'ml100-2-d01']",0.0,1,2019-08-25
/qa/kwassist/ai_tw/0000016A3A1A40F2000003786375706F795F72656C656173655155455354,ai_tw,0000016A3A1A40F2000003786375706F795F72656C656173655155455354,"個人主頁顯示已經有提交作業, 但排名上卻寫已作答0題","['ml100-2', 'faq']",0.0,1,2019-08-25
/qa/kwassist/ai_tw/0000016A404F6F85000004996375706F795F72656C656173655155455354,ai_tw,0000016A404F6F85000004996375706F795F72656C656173655155455354,詢問個人主頁Kaggle跟github連結,"['ml100-2', 'fqa', '個人主頁']",0.0,1,2019-08-25
/qa/kwassist/ai_tw/0000016A466E15A5000005D06375706F795F72656C656173655155455354,ai_tw,0000016A466E15A5000005D06375706F795F72656C656173655155455354,day001-3作業,"['ml100-2', 'ml100-2-d01']",0.0,1,2019-08-25
/qa/kwassist/ai_tw/0000016A9C77D2D30000000E6375706F795F72656C656173655155455354,ai_tw,0000016A9C77D2D30000000E6375706F795F72656C656173655155455354,D25範例 日週期 為何是 df['pickup_hour']/12,"['ml100-2', 'ml100-2-d25']",0.0,1,2019-08-25
/qa/kwassist/ai_tw/0000016AA018748F000000516375706F795F72656C656173655155455354,ai_tw,0000016AA018748F000000516375706F795F72656C656173655155455354,詢問Day022問題,"['ml100-2', 'ml100-2-d22']",0.0,1,2019-08-25
/qa/kwassist/ai_tw/0000016AA53996DD000000A96375706F795F72656C656173655155455354,ai_tw,0000016AA53996DD000000A96375706F795F72656C656173655155455354,Day22 講義問題,"['ml100-2', 'ml100-2-d22']",0.0,1,2019-08-25
/qa/kwassist/ai_tw/0000016ACB967C4B0000014A6375706F795F72656C656173655155455354,ai_tw,0000016ACB967C4B0000014A6375706F795F72656C656173655155455354,Day22 範例,"['ml100-2', 'ml100-2-d22']",0.0,1,2019-08-25
/qa/kwassist/ai_tw/0000016AE8B13C6E0000022F6375706F795F72656C656173655155455354,ai_tw,0000016AE8B13C6E0000022F6375706F795F72656C656173655155455354,Day022 OneHotEncoder 作法,"['ml100-2-d22', 'ml100-2']",0.0,1,2019-08-25
/qa/kwassist/ai_tw/0000016AECFECD6B000002466375706F795F72656C656173655155455354,ai_tw,0000016AECFECD6B000002466375706F795F72656C656173655155455354,Day034的兩個問題,"['ml100-2', 'ml100-2-d34']",0.0,2,2019-08-25
/qa/kwassist/ai_tw/0000016AF96BEFCE000002966375706F795F72656C656173655155455354,ai_tw,0000016AF96BEFCE000002966375706F795F72656C656173655155455354,day-38,"['ml100-2', 'ml100-2-d38']",0.0,1,2019-08-25
/qa/kwassist/ai_tw/0000016AFA1E154A0000029D6375706F795F72656C656173655155455354,ai_tw,0000016AFA1E154A0000029D6375706F795F72656C656173655155455354,D23 中均值編碼的 model 如何作 預測?,"['ml100-2', 'ml100-2-d23']",1.0,1,2019-08-25
/qa/kwassist/ai_tw/0000016B2D579A9D000000176375706F795F72656C656173655155455354,ai_tw,0000016B2D579A9D000000176375706F795F72656C656173655155455354,Day48 請問Kaggle的Public set跟Private set的差異是什麼?,"['day48', 'ml100-2-d48']",0.0,1,2019-08-25
/qa/kwassist/ai_tw/0000016B3511D60A000000386375706F795F72656C656173655155455354,ai_tw,0000016B3511D60A000000386375706F795F72656C656173655155455354,Day023 鐵達尼生存率經均值轉換cross val score分數為1是合理的嗎?,"['ml100-2', 'ml100-2-d23']",0.0,1,2019-08-25
/qa/kwassist/ai_tw/0000016B3CC02425000000576375706F795F72656C656173655155455354,ai_tw,0000016B3CC02425000000576375706F795F72656C656173655155455354,Day48,"['ml100-2', 'ml100-2-d48']",0.0,1,2019-08-25
/qa/kwassist/ai_tw/0000016B41B2A6D6000000876375706F795F72656C656173655155455354,ai_tw,0000016B41B2A6D6000000876375706F795F72656C656173655155455354,D025 週期循環特徵問題,"['ml100-2', 'ml100-2-d25']",0.0,1,2019-08-25
/qa/kwassist/ai_tw/0000016B7DF179920000001E6375706F795F72656C656173655155455354,ai_tw,0000016B7DF179920000001E6375706F795F72656C656173655155455354,Day_049_Blending,"['ml100-2', 'ml100-2-d49', 'Blending']",0.0,1,2019-08-25
/qa/kwassist/ai_tw/0000016B7FC3A16F0000002B6375706F795F72656C656173655155455354,ai_tw,0000016B7FC3A16F0000002B6375706F795F72656C656173655155455354,D38 建立線性回歸模型方式和以往不同?,"['ml100-2', 'ml100-2-d38']",0.0,1,2019-08-25
/qa/kwassist/ai_tw/0000016B82883BA1000000386375706F795F72656C656173655155455354,ai_tw,0000016B82883BA1000000386375706F795F72656C656173655155455354,Day58 範例程式碼中的矩陣transformation,"['ml100-2', 'ml100-2-d58']",0.0,2,2019-08-25
/qa/kwassist/ai_tw/0000016B8357AD130000003E6375706F795F72656C656173655155455354,ai_tw,0000016B8357AD130000003E6375706F795F72656C656173655155455354,Day58,"[' 生成', 'ml100-2', 'ml100-2-d58']",0.0,2,2019-08-25
/qa/kwassist/ai_tw/0000016B89BAE540000000636375706F795F72656C656173655155455354,ai_tw,0000016B89BAE540000000636375706F795F72656C656173655155455354,D60 example & HW 圖顯示不出,"['ml100-2', 'ml100-2-d60']",0.0,1,2019-08-25
/qa/kwassist/ai_tw/0000016B8A716DE10000006F6375706F795F72656C656173655155455354,ai_tw,0000016B8A716DE10000006F6375706F795F72656C656173655155455354,D61_課堂練習_圖片解釋,"['ml100-2', 'ml100-2-d61']",0.0,1,2019-08-25
/qa/kwassist/ai_tw/0000016B8C6E7AEF000000766375706F795F72656C656173655155455354,ai_tw,0000016B8C6E7AEF000000766375706F795F72656C656173655155455354,Day59_text3D問題,"['ml100-2', 'ml100-2-d59']",0.0,1,2019-08-25
/qa/kwassist/ai_tw/0000016B9252A504000000A06375706F795F72656C656173655155455354,ai_tw,0000016B9252A504000000A06375706F795F72656C656173655155455354,Day_061  tsn 和 資料視覺化部分,"['ml100-2', 'ml100-2-d61', '資料視覺化部分']",0.0,1,2019-08-25
/qa/kwassist/ai_tw/0000016B9E808D27000000CB6375706F795F72656C656173655155455354,ai_tw,0000016B9E808D27000000CB6375706F795F72656C656173655155455354,請問老師 plt.clf()  plt.cla(),"['ml100-2', 'ml100-2-d59']",0.0,1,2019-08-25
/qa/kwassist/ai_tw/0000016BB1A6FC6B000001256375706F795F72656C656173655155455354,ai_tw,0000016BB1A6FC6B000001256375706F795F72656C656173655155455354,D59,"['ml100-2', 'ml100-2-d59']",260.0,1,2019-08-25
/qa/kwassist/ai_tw/0000016BB1F081EA0000012B6375706F795F72656C656173655155455354,ai_tw,0000016BB1F081EA0000012B6375706F795F72656C656173655155455354,Day038 question,"['ml100-2', 'ml100-2-d38']",0.0,1,2019-08-25
/qa/kwassist/ai_tw/0000016BBAAD829B000001556375706F795F72656C656173655155455354,ai_tw,0000016BBAAD829B000001556375706F795F72656C656173655155455354,資料過於龐大，無法讀進python or R 內?,"['ml100', '讀取資料']",0.0,1,2019-08-25
/qa/kwassist/ai_tw/0000016BCA3537010000003E6375706F795F72656C656173655155455354,ai_tw,0000016BCA3537010000003E6375706F795F72656C656173655155455354,Day69 問題?,"['ml100-2', 'ml100-2-d69']",0.0,1,2019-08-25
/qa/kwassist/ai_tw/0000016BCB719949000000476375706F795F72656C656173655155455354,ai_tw,0000016BCB719949000000476375706F795F72656C656173655155455354,Day67作業中於執行到plot_images_labels_prediction報錯,"['ml100-2', 'ml100-2-d67']",0.0,1,2019-08-25
/qa/kwassist/ai_tw/0000016BE17B6FAA000000B06375706F795F72656C656173655155455354,ai_tw,0000016BE17B6FAA000000B06375706F795F72656C656173655155455354,day-69,"['ml100-2', 'ml100-2-d69']",0.0,1,2019-08-25
/qa/kwassist/ai_tw/0000016BEA8FF825000000E26375706F795F72656C656173655155455354,ai_tw,0000016BEA8FF825000000E26375706F795F72656C656173655155455354,Day 76 程式碼中「第四步：資料分割」,"['ml100-2-d76', 'ml100-2']",0.0,1,2019-08-25
/qa/kwassist/ai_tw/0000016BEE54C030000000FC6375706F795F72656C656173655155455354,ai_tw,0000016BEE54C030000000FC6375706F795F72656C656173655155455354,Day77 shuffle問題?,"['ml100-2-d77', 'ml100-2']",0.0,1,2019-08-25
/qa/kwassist/ai_tw/0000016BF0D1EE870000010D6375706F795F72656C656173655155455354,ai_tw,0000016BF0D1EE870000010D6375706F795F72656C656173655155455354,train_test_split中的random state,"['ml100-2-d34', 'ml100-2']",0.0,1,2019-08-25
/qa/kwassist/ai_tw/0000016BF101C52C000001126375706F795F72656C656173655155455354,ai_tw,0000016BF101C52C000001126375706F795F72656C656173655155455354,Day 76 模型的預測準確率為什麼那麼低？,"['ml100-2', 'ml100-2-d76']",0.0,1,2019-08-25
/qa/kwassist/ai_tw/0000016BF324B26B000001176375706F795F72656C656173655155455354,ai_tw,0000016BF324B26B000001176375706F795F72656C656173655155455354,參考資料連結無法開啟,[],0.0,1,2019-08-25
/qa/kwassist/ai_tw/0000016BF3AEDB09000001186375706F795F72656C656173655155455354,ai_tw,0000016BF3AEDB09000001186375706F795F72656C656173655155455354,python資料格式處理,[],0.0,1,2019-08-25
/qa/kwassist/ai_tw/0000016BF5245E110000011A6375706F795F72656C656173655155455354,ai_tw,0000016BF5245E110000011A6375706F795F72656C656173655155455354,Dense 程式碼問題,"['ml100-2', 'ml100-2-d70']",0.0,1,2019-08-25
/qa/kwassist/ai_tw/0000016BF57212190000011C6375706F795F72656C656173655155455354,ai_tw,0000016BF57212190000011C6375706F795F72656C656173655155455354,Day069的範例教材有誤,[],0.0,1,2019-08-25
/qa/kwassist/ai_tw/0000016BF81942460000012D6375706F795F72656C656173655155455354,ai_tw,0000016BF81942460000012D6375706F795F72656C656173655155455354,Day_071教材有誤,[],0.0,1,2019-08-25
/qa/kwassist/ai_tw/0000016BF9B24464000001366375706F795F72656C656173655155455354,ai_tw,0000016BF9B24464000001366375706F795F72656C656173655155455354,The kernel appears to have died.,"['ml100-2', 'ml100-2-d79']",0.0,1,2019-08-25
/qa/kwassist/ai_tw/0000016BFD664F30000001426375706F795F72656C656173655155455354,ai_tw,0000016BFD664F30000001426375706F795F72656C656173655155455354,看不懂  =\ 這個是什麼意思,"['ml100-2', 'ml100-2-d56']",0.0,1,2019-08-25
/qa/kwassist/ai_tw/0000016BFD6DBAAA000001436375706F795F72656C656173655155455354,ai_tw,0000016BFD6DBAAA000001436375706F795F72656C656173655155455354,Day077練習範例無法執行,"['ml100-2', 'ml100-2-d77']",0.0,2,2019-08-25
/qa/kwassist/ai_tw/0000016BFE958378000001486375706F795F72656C656173655155455354,ai_tw,0000016BFE958378000001486375706F795F72656C656173655155455354,d38 wine 問題,"['ml100-2-d38', 'ml100-2']",0.0,1,2019-08-25
/qa/kwassist/ai_tw/0000016BFF795D830000014A6375706F795F72656C656173655155455354,ai_tw,0000016BFF795D830000014A6375706F795F72656C656173655155455354,TF-IDFVectorizer的值為什麼介於0到1？為什麼能拿來用在餘弦相似度計算會加速？,"['python', 'scikit-learn', '推薦系統']",0.0,1,2019-08-25
/qa/kwassist/ai_tw/0000016C008E1BCB0000014E6375706F795F72656C656173655155455354,ai_tw,0000016C008E1BCB0000014E6375706F795F72656C656173655155455354,Day077、078的例子overfitting的問題,"['ml100-2', 'ml100-2-d77', 'ml100-2-d78']",0.0,1,2019-08-25
/qa/kwassist/ai_tw/0000016C01E77118000001546375706F795F72656C656173655155455354,ai_tw,0000016C01E77118000001546375706F795F72656C656173655155455354,Day63~Day68關於類神經網路NN及Keras的參考資料,"['ml100-2', 'ml100-2-d63']",0.0,1,2019-08-25
/qa/kwassist/ai_tw/0000016C02DF3F78000001566375706F795F72656C656173655155455354,ai_tw,0000016C02DF3F78000001566375706F795F72656C656173655155455354,MinMaxScaler  無法處理 dim >2,"['ml100-2', 'ml100-2-d78']",0.0,1,2019-08-25
/qa/kwassist/ai_tw/0000016C038A0379000001586375706F795F72656C656173655155455354,ai_tw,0000016C038A0379000001586375706F795F72656C656173655155455354,"[""CUDA_VISIBLE_DEVICES""]=""0"" 沒有使用到GPU?","['ml100-2', 'ml100-2-d78']",0.0,1,2019-08-25
/qa/kwassist/ai_tw/0000016C044F75710000015B6375706F795F72656C656173655155455354,ai_tw,0000016C044F75710000015B6375706F795F72656C656173655155455354,"Expected 'uid' column to be of type 'String', but was 'Int32'?",['ml100-2'],0.0,1,2019-08-25
/qa/kwassist/ai_tw/0000016C0468C6B70000015D6375706F795F72656C656173655155455354,ai_tw,0000016C0468C6B70000015D6375706F795F72656C656173655155455354,61中檢查對象這段的code 看不太懂麻煩幫忙解答下 感謝,"['ml100-2', 'ml100-2-d61']",0.0,2,2019-08-25
/qa/kwassist/ai_tw/0000016C05802498000001646375706F795F72656C656173655155455354,ai_tw,0000016C05802498000001646375706F795F72656C656173655155455354,請教老師處理圖片,[],0.0,1,2019-08-25
/qa/kwassist/ai_tw/0000016C07E148CF000001686375706F795F72656C656173655155455354,ai_tw,0000016C07E148CF000001686375706F795F72656C656173655155455354,想請問D28投影片中提到的特徵穩定性是什麼意思呢,"['ml100-2', 'ml100-2-d28']",0.0,1,2019-08-25
/qa/kwassist/ai_tw/0000016C0A2E28DC000001726375706F795F72656C656173655155455354,ai_tw,0000016C0A2E28DC000001726375706F795F72656C656173655155455354,d42 DecisionTreeClassifier問題,"['ml100-2-d42', 'ml100-2']",0.0,1,2019-08-25
/qa/kwassist/ai_tw/0000016C0A84F657000001746375706F795F72656C656173655155455354,ai_tw,0000016C0A84F657000001746375706F795F72656C656173655155455354,Day 81 regulizer問題?,"['ml100-2-d81', 'ml100-2']",0.0,1,2019-08-25
/qa/kwassist/ai_tw/0000016C0DCFEFFE000001806375706F795F72656C656173655155455354,ai_tw,0000016C0DCFEFFE000001806375706F795F72656C656173655155455354,詢問Day073範例教材,"['ml100', 'ml100-d73']",0.0,1,2019-08-25
/qa/kwassist/ai_tw/0000016C0EE39833000001926375706F795F72656C656173655155455354,ai_tw,0000016C0EE39833000001926375706F795F72656C656173655155455354,關於 Information Gain 和 Gini Index,"['ml100-2', 'ml100-2-d41']",0.0,1,2019-08-25
/qa/kwassist/ai_tw/0000016C22BB9C1D000000286375706F795F72656C656173655155455354,ai_tw,0000016C22BB9C1D000000286375706F795F72656C656173655155455354,Day061?,"['ml100-2-d61', 'ml100-2']",0.0,1,2019-08-25
/qa/kwassist/ai_tw/0000016C2CB5AA750000004C6375706F795F72656C656173655155455354,ai_tw,0000016C2CB5AA750000004C6375706F795F72656C656173655155455354,D76投影片問題,"['ml100-2', 'ml100-2-d76']",0.0,1,2019-08-25
/qa/kwassist/ai_tw/0000016C42D6B80B000000056375706F795F72656C656173655155455354,ai_tw,0000016C42D6B80B000000056375706F795F72656C656173655155455354,D22 請問如何判斷區分 樹狀模型與非樹狀模型，?,"['ml100-2', 'ml100-2-d22']",0.0,1,2019-08-25
/qa/kwassist/ai_tw/0000016C5D409D11000000516375706F795F72656C656173655155455354,ai_tw,0000016C5D409D11000000516375706F795F72656C656173655155455354,Normalize 為何要除以 255 ?,"['ml100-2', 'ml100-2-d67']",0.0,1,2019-08-25
/qa/kwassist/ai_tw/0000016C648226B9000000646375706F795F72656C656173655155455354,ai_tw,0000016C648226B9000000646375706F795F72656C656173655155455354,"Day 99. 有關""資料增強""","['ml100-2', 'ml100-2-d99']",0.0,1,2019-08-25
/qa/kwassist/ai_tw/0000016C67B9F9F8000000766375706F795F72656C656173655155455354,ai_tw,0000016C67B9F9F8000000766375706F795F72656C656173655155455354,Day088,"['ml100-2', 'ml100-2-d88']",0.0,1,2019-08-25
/qa/kwassist/ai_tw/0000016C695AF93B0000007B6375706F795F72656C656173655155455354,ai_tw,0000016C695AF93B0000007B6375706F795F72656C656173655155455354,D89,"['ml100-2', 'ml100-2-d89']",0.0,3,2019-08-25
/qa/kwassist/ai_tw/0000016C7BB205E9000000336375706F795F72656C656173655155455354,ai_tw,0000016C7BB205E9000000336375706F795F72656C656173655155455354,Day56 Distortion cost function,"['ml100-2', 'ml100-2-d56']",0.0,1,2019-08-25
/qa/kwassist/ai_tw/0000016C7C2AFBBE000000346375706F795F72656C656173655155455354,ai_tw,0000016C7C2AFBBE000000346375706F795F72656C656173655155455354,Day56 用silhouette score判斷分群的優點是?,"['ml100-2', 'ml100-2-d56']",0.0,1,2019-08-25
/qa/kwassist/ai_tw/0000016C7ED9E8FA000000356375706F795F72656C656173655155455354,ai_tw,0000016C7ED9E8FA000000356375706F795F72656C656173655155455354,Day57 linkage='ward'具體是怎麼運算?,"['ml100-2', 'ml100-2-d57']",2016.0,1,2019-08-25
/qa/kwassist/ai_tw/0000016C7F506EB20000003B6375706F795F72656C656173655155455354,ai_tw,0000016C7F506EB20000003B6375706F795F72656C656173655155455354,Day58 範例,"['ml100-2', 'ml100-2-d58']",0.0,2,2019-08-25
/qa/kwassist/ai_tw/0000016C845F0AE10000004E6375706F795F72656C656173655155455354,ai_tw,0000016C845F0AE10000004E6375706F795F72656C656173655155455354,期末考 範例問題?,['ml100-2'],0.0,1,2019-08-25
/qa/kwassist/ai_tw/0000016C8F567424000000856375706F795F72656C656173655155455354,ai_tw,0000016C8F567424000000856375706F795F72656C656173655155455354,答案說2比3分數高很多，可是silhouette score卻比較低?,"['ml100-2', 'ml100-2-d56']",302.0,1,2019-08-25
/qa/kwassist/ai_tw/0000016C8F6F7A4B000000926375706F795F72656C656173655155455354,ai_tw,0000016C8F6F7A4B000000926375706F795F72656C656173655155455354,D97_將影像進行攤平,"['ml100-2-d97', 'ml100-2']",0.0,1,2019-08-25
/qa/kwassist/ai_tw/0000016C94D2A8FA000000046375706F795F72656C656173655155455354,ai_tw,0000016C94D2A8FA000000046375706F795F72656C656173655155455354,期中考、期末考 可提供範例解答嗎?,"['期中考', '期末考', 'kaggle']",0.0,4,2019-08-25
/qa/kwassist/ai_tw/0000016C9E5C438B000000276375706F795F72656C656173655155455354,ai_tw,0000016C9E5C438B000000276375706F795F72656C656173655155455354,GitHub upload error,"['ml100-3', 'ml100-3-d02', 'github']",0.0,5,2019-08-25
/qa/kwassist/ai_tw/0000016CA8818E20000000076375706F795F72656C656173655155455354,ai_tw,0000016CA8818E20000000076375706F795F72656C656173655155455354,D89 抓不到bug...,"['ml100-2', 'ml100-2-d89']",0.0,2,2019-08-25
/qa/kwassist/ai_tw/0000016CA89FE407000000096375706F795F72656C656173655155455354,ai_tw,0000016CA89FE407000000096375706F795F72656C656173655155455354,進階學習  實現paper?,"['ml100-2', 'ml100-2-d100']",0.0,2,2019-08-25
/qa/kwassist/ai_tw/0000016CB01F6FC40000002D6375706F795F72656C656173655155455354,ai_tw,0000016CB01F6FC40000002D6375706F795F72656C656173655155455354,固定GPU結果,"['ml100-2', '固定gpu結果']",0.0,1,2019-08-25
/qa/kwassist/ai_tw/0000016CB30A385E000000366375706F795F72656C656173655155455354,ai_tw,0000016CB30A385E000000366375706F795F72656C656173655155455354,卷基層 全連接層?,[],0.0,4,2019-08-25
/qa/kwassist/ai_tw/0000016CB345C1B90000003A6375706F795F72656C656173655155455354,ai_tw,0000016CB345C1B90000003A6375706F795F72656C656173655155455354,DAY1:-作業範例MAE中實際值的算法,"['ml100-3', 'ml100-3-d01', 'mae', '作業']",66.0,12,2019-08-25
/qa/kwassist/ai_tw/0000016CB66868020000004A6375706F795F72656C656173655155455354,ai_tw,0000016CB66868020000004A6375706F795F72656C656173655155455354,MEA解釋,"['ml100-3', 'ml100-3-d01']",2146.0,16,2019-08-25
/qa/kwassist/ai_tw/0000016CC81FC4500000001D6375706F795F72656C656173655155455354,ai_tw,0000016CC81FC4500000001D6375706F795F72656C656173655155455354,D38羅吉斯迴歸出現錯誤,"['ml100-2-d38', 'ml100-2']",0.0,3,2019-08-25
/qa/kwassist/ai_tw/00000167BD0E8508000000216375706F795F72656C656173655155455354,ai_tw,00000167BD0E8508000000216375706F795F72656C656173655155455354,"請問我的檔案都不超過 1MB, 卻無法上傳 GitHub的原因是?","['ml100', 'faq', '作業提交']",0.0,1,2019-08-26
/qa/kwassist/ai_tw/0000016A3157658B000002326375706F795F72656C656173655155455354,ai_tw,0000016A3157658B000002326375706F795F72656C656173655155455354,Day2,"['ml100-2', 'os.path.join', 'ml100-2-d02']",0.0,1,2019-08-26
/qa/kwassist/ai_tw/0000016A69367D05000002CE6375706F795F72656C656173655155455354,ai_tw,0000016A69367D05000002CE6375706F795F72656C656173655155455354,Day008,"['ml100-2', 'plt.legend()', 'ml100-2-d08']",0.0,1,2019-08-26
/qa/kwassist/ai_tw/0000016A8A419B8B000002E36375706F795F72656C656173655155455354,ai_tw,0000016A8A419B8B000002E36375706F795F72656C656173655155455354,github桌機版上傳失敗,"['ml100-2', 'github', 'fqa']",0.0,1,2019-08-26
/qa/kwassist/ai_tw/0000016AB04E33E7000000166375706F795F72656C656173655155455354,ai_tw,0000016AB04E33E7000000166375706F795F72656C656173655155455354,day024:  Cabin=  None是否需要額外處理,"['ml100-2', 'ml100-2-d24']",0.0,1,2019-08-26
/qa/kwassist/ai_tw/0000016ACF878354000001726375706F795F72656C656173655155455354,ai_tw,0000016ACF878354000001726375706F795F72656C656173655155455354,Day24 範例,"['ml100-2', 'ml100-2-d24']",0.0,1,2019-08-26
/qa/kwassist/ai_tw/0000016AD5A8D380000001B26375706F795F72656C656173655155455354,ai_tw,0000016AD5A8D380000001B26375706F795F72656C656173655155455354,關於 Day_035_HW 的問題,"['ml100-2', 'ml100-2-d35']",0.0,2,2019-08-26
/qa/kwassist/ai_tw/0000016AE58477D90000021E6375706F795F72656C656173655155455354,ai_tw,0000016AE58477D90000021E6375706F795F72656C656173655155455354,D35_HW,"['ml100-2', 'ml100-2-d35']",0.0,1,2019-08-26
/qa/kwassist/ai_tw/0000016AECFECD6B000002466375706F795F72656C656173655155455354,ai_tw,0000016AECFECD6B000002466375706F795F72656C656173655155455354,Day034的兩個問題,"['ml100-2', 'ml100-2-d34']",0.0,1,2019-08-26
/qa/kwassist/ai_tw/0000016B459D88F9000000A16375706F795F72656C656173655155455354,ai_tw,0000016B459D88F9000000A16375706F795F72656C656173655155455354,acc跑出來是負的，預設超參數跑出來也有0.95，?,['day47'],0.0,1,2019-08-26
/qa/kwassist/ai_tw/0000016B59DAF95F000001106375706F795F72656C656173655155455354,ai_tw,0000016B59DAF95F000001106375706F795F72656C656173655155455354,Day 24 HW 趕進度中 對於取Hash的時候 資料的index一直發生問題,"['ml100-2-d24', 'ml100-2']",0.0,1,2019-08-26
/qa/kwassist/ai_tw/0000016BABDA7553000000F96375706F795F72656C656173655155455354,ai_tw,0000016BABDA7553000000F96375706F795F72656C656173655155455354,Day50_Stacking,"['ml100-2', 'ml100-2-d50']",1444.0,1,2019-08-26
/qa/kwassist/ai_tw/0000016BCD35B2420000004D6375706F795F72656C656173655155455354,ai_tw,0000016BCD35B2420000004D6375706F795F72656C656173655155455354,Day062 S型散布圖資料X和color怎麼取得的?,"['ml100-2', 'ml100-2-d62']",0.0,1,2019-08-26
/qa/kwassist/ai_tw/0000016BD231881D0000005F6375706F795F72656C656173655155455354,ai_tw,0000016BD231881D0000005F6375706F795F72656C656173655155455354,Day071的mse 公式定義?,"['ml100-2', 'ml100-2-d71']",0.0,1,2019-08-26
/qa/kwassist/ai_tw/0000016BD97F27A9000000876375706F795F72656C656173655155455354,ai_tw,0000016BD97F27A9000000876375706F795F72656C656173655155455354,Day071 各 loss function 的區別,"[' keras', 'loss', 'binary_crossentropy', 'categorical_crossentropy', 'ml100-2-d71', 'ml100-2']",0.0,1,2019-08-26
/qa/kwassist/ai_tw/0000016BDBFF0982000000936375706F795F72656C656173655155455354,ai_tw,0000016BDBFF0982000000936375706F795F72656C656173655155455354,Day24 HW,"['ml100-2', 'ml100-2-d24']",0.0,1,2019-08-26
/qa/kwassist/ai_tw/0000016BF0D1EE870000010D6375706F795F72656C656173655155455354,ai_tw,0000016BF0D1EE870000010D6375706F795F72656C656173655155455354,train_test_split中的random state,"['ml100-2-d34', 'ml100-2']",0.0,1,2019-08-26
/qa/kwassist/ai_tw/0000016C0A84F657000001746375706F795F72656C656173655155455354,ai_tw,0000016C0A84F657000001746375706F795F72656C656173655155455354,Day 81 regulizer問題?,"['ml100-2-d81', 'ml100-2']",1598.0,1,2019-08-26
/qa/kwassist/ai_tw/0000016C1343AD8B000001A76375706F795F72656C656173655155455354,ai_tw,0000016C1343AD8B000001A76375706F795F72656C656173655155455354,Day_076_Opimizer_example,"['ml100-2-d76', 'ml100-2']",0.0,1,2019-08-26
/qa/kwassist/ai_tw/0000016C1369C41E000001A86375706F795F72656C656173655155455354,ai_tw,0000016C1369C41E000001A86375706F795F72656C656173655155455354,訓練完的模型是否會有信心水準?,['ml100-2'],0.0,1,2019-08-26
/qa/kwassist/ai_tw/0000016C19665DE7000000036375706F795F72656C656173655155455354,ai_tw,0000016C19665DE7000000036375706F795F72656C656173655155455354,Day50 Stacking,"['ml100-2-d50', 'ml100-2']",0.0,1,2019-08-26
/qa/kwassist/ai_tw/0000016C1A0C3657000000046375706F795F72656C656173655155455354,ai_tw,0000016C1A0C3657000000046375706F795F72656C656173655155455354,Day56 K-mean 觀察 : 使用輪廓分析,"['ml100-2-d56', 'ml100-2']",0.0,1,2019-08-26
/qa/kwassist/ai_tw/0000016C1A45B7F4000000076375706F795F72656C656173655155455354,ai_tw,0000016C1A45B7F4000000076375706F795F72656C656173655155455354,"Day66 Keras 安裝失敗, could not find 'nvcuda.dll'","['ml100-2', 'ml100-2-d66']",0.0,1,2019-08-26
/qa/kwassist/ai_tw/0000016C1A7C7D4A0000000B6375706F795F72656C656173655155455354,ai_tw,0000016C1A7C7D4A0000000B6375706F795F72656C656173655155455354,day-78,"['ml100-2-d78', 'ml100-2']",0.0,1,2019-08-26
/qa/kwassist/ai_tw/0000016C1DCA0E8B000000136375706F795F72656C656173655155455354,ai_tw,0000016C1DCA0E8B000000136375706F795F72656C656173655155455354,D67 plot_images_labels_prediction 為什麼可以傳入中括號，代表什麼意思 ?,"['ml100-2', 'ml100-2-d67']",0.0,1,2019-08-26
/qa/kwassist/ai_tw/0000016C1E3F5EF1000000156375706F795F72656C656173655155455354,ai_tw,0000016C1E3F5EF1000000156375706F795F72656C656173655155455354,Day086_HW 問題,"['ml100-2', 'ml100-2-d86']",0.0,2,2019-08-26
/qa/kwassist/ai_tw/0000016C1F0D0EF5000000186375706F795F72656C656173655155455354,ai_tw,0000016C1F0D0EF5000000186375706F795F72656C656173655155455354,如何畫出GradientBoostingClassifier的learning curve,[],0.0,1,2019-08-26
/qa/kwassist/ai_tw/0000016C1F2040F70000001A6375706F795F72656C656173655155455354,ai_tw,0000016C1F2040F70000001A6375706F795F72656C656173655155455354,batch normalization 問題?,[],0.0,1,2019-08-26
/qa/kwassist/ai_tw/0000016C1F32741F0000001C6375706F795F72656C656173655155455354,ai_tw,0000016C1F32741F0000001C6375706F795F72656C656173655155455354,關於 Stacking 的泛化性?,"['ml100-2-d50', 'ml100-2']",0.0,1,2019-08-26
/qa/kwassist/ai_tw/0000016C1F3DFE600000001D6375706F795F72656C656173655155455354,ai_tw,0000016C1F3DFE600000001D6375706F795F72656C656173655155455354,Day083教材提到BatchNormalization可以取代dropout和regularizes的問題?,"['ml100-2', 'ml100-2-d83']",0.0,2,2019-08-26
/qa/kwassist/ai_tw/0000016C2127B8C9000000246375706F795F72656C656173655155455354,ai_tw,0000016C2127B8C9000000246375706F795F72656C656173655155455354,Day88 f1-score of multi-class problem,"['ml100-2-d88', 'ml100-2']",0.0,1,2019-08-26
/qa/kwassist/ai_tw/0000016C22BB9C1D000000286375706F795F72656C656173655155455354,ai_tw,0000016C22BB9C1D000000286375706F795F72656C656173655155455354,Day061?,"['ml100-2-d61', 'ml100-2']",0.0,1,2019-08-26
/qa/kwassist/ai_tw/0000016C22DB2F650000002B6375706F795F72656C656173655155455354,ai_tw,0000016C22DB2F650000002B6375706F795F72656C656173655155455354,Day82 的文件寫錯了吧？,[],0.0,1,2019-08-26
/qa/kwassist/ai_tw/0000016C23420D79000000306375706F795F72656C656173655155455354,ai_tw,0000016C23420D79000000306375706F795F72656C656173655155455354,Day81 解答出現錯誤,[],0.0,1,2019-08-26
/qa/kwassist/ai_tw/0000016C26CFA0130000003B6375706F795F72656C656173655155455354,ai_tw,0000016C26CFA0130000003B6375706F795F72656C656173655155455354,DAY72 dReLU的問題,"['ml100-2-d72', 'ml100-2']",0.0,1,2019-08-26
/qa/kwassist/ai_tw/0000016C27FA3F490000003F6375706F795F72656C656173655155455354,ai_tw,0000016C27FA3F490000003F6375706F795F72656C656173655155455354,在構建輸出層的時候 Dense的units 為什麼是10 ，而不是256?,"['ml100-2', 'ml100-2-d70']",0.0,1,2019-08-26
/qa/kwassist/ai_tw/0000016C2990B843000000446375706F795F72656C656173655155455354,ai_tw,0000016C2990B843000000446375706F795F72656C656173655155455354,Day_082課程教材詢問,['ml100'],0.0,1,2019-08-26
/qa/kwassist/ai_tw/0000016C2CB5AA750000004C6375706F795F72656C656173655155455354,ai_tw,0000016C2CB5AA750000004C6375706F795F72656C656173655155455354,D76投影片問題,"['ml100-2', 'ml100-2-d76']",0.0,1,2019-08-26
/qa/kwassist/ai_tw/0000016C2D239F290000004F6375706F795F72656C656173655155455354,ai_tw,0000016C2D239F290000004F6375706F795F72656C656173655155455354,如何解決GPU太小,[],0.0,1,2019-08-26
/qa/kwassist/ai_tw/0000016C33AA6F56000000616375706F795F72656C656173655155455354,ai_tw,0000016C33AA6F56000000616375706F795F72656C656173655155455354,Day083 一直跑不出來,"['ml100-2-d83', 'ml100-2']",0.0,2,2019-08-26
/qa/kwassist/ai_tw/0000016C33B38D0D000000636375706F795F72656C656173655155455354,ai_tw,0000016C33B38D0D000000636375706F795F72656C656173655155455354,Day_086的作業,"['ml100-2-d86', 'ml100-2']",0.0,2,2019-08-26
/qa/kwassist/ai_tw/0000016C38FF51140000006B6375706F795F72656C656173655155455354,ai_tw,0000016C38FF51140000006B6375706F795F72656C656173655155455354,DAY 66 無GPU安裝tensorflow,"['ml100-2', 'ml100-2-d66']",0.0,2,2019-08-26
/qa/kwassist/ai_tw/0000016C3B3FF97F0000006F6375706F795F72656C656173655155455354,ai_tw,0000016C3B3FF97F0000006F6375706F795F72656C656173655155455354,解讀Code?,"['ml100-2', 'ml100-2-d88']",0.0,1,2019-08-26
/qa/kwassist/ai_tw/0000016C3BFCDB0F000000726375706F795F72656C656173655155455354,ai_tw,0000016C3BFCDB0F000000726375706F795F72656C656173655155455354,怎麼把不同欄位的字串合併？?,"['合併', '字串', '資料框']",0.0,1,2019-08-26
/qa/kwassist/ai_tw/0000016C3E0CA0AF0000007B6375706F795F72656C656173655155455354,ai_tw,0000016C3E0CA0AF0000007B6375706F795F72656C656173655155455354,d66 安裝CUDA10.1有辦法改回9.0?,"['d66 cuda', 'ml100-2-d66', 'ml100-2']",0.0,1,2019-08-26
/qa/kwassist/ai_tw/0000016C3E1987AF0000007D6375706F795F72656C656173655155455354,ai_tw,0000016C3E1987AF0000007D6375706F795F72656C656173655155455354,Batch Normalization在模型儲存後的testing問題,"['ml100-2', 'batch normalization', 'ml100-2-d83']",0.0,2,2019-08-26
/qa/kwassist/ai_tw/0000016C3E6091EF0000007F6375706F795F72656C656173655155455354,ai_tw,0000016C3E6091EF0000007F6375706F795F72656C656173655155455354,投影片跟題目都看不懂在寫什麼....?,[],64.0,2,2019-08-26
/qa/kwassist/ai_tw/0000016C42D6B80B000000056375706F795F72656C656173655155455354,ai_tw,0000016C42D6B80B000000056375706F795F72656C656173655155455354,D22 請問如何判斷區分 樹狀模型與非樹狀模型，?,"['ml100-2', 'ml100-2-d22']",0.0,1,2019-08-26
/qa/kwassist/ai_tw/0000016C43569D69000000096375706F795F72656C656173655155455354,ai_tw,0000016C43569D69000000096375706F795F72656C656173655155455354,Day71-正確的使用損失函數?,"['ml100-2-d71', 'ml100-2']",0.0,1,2019-08-26
/qa/kwassist/ai_tw/0000016C437188400000000A6375706F795F72656C656173655155455354,ai_tw,0000016C437188400000000A6375706F795F72656C656173655155455354,Day093 Dense和Conv2D的差異是?,"['ml100-2', 'ml100-2-d68']",0.0,1,2019-08-26
/qa/kwassist/ai_tw/0000016C45DAEFA0000000106375706F795F72656C656173655155455354,ai_tw,0000016C45DAEFA0000000106375706F795F72656C656173655155455354,Day72啟動函數-什麼是無效的神經元,"['ml100-2-d72', 'ml100-2']",0.0,1,2019-08-26
/qa/kwassist/ai_tw/0000016C48AAC1DA0000001F6375706F795F72656C656173655155455354,ai_tw,0000016C48AAC1DA0000001F6375706F795F72656C656173655155455354,完賽證明,[],0.0,1,2019-08-26
/qa/kwassist/ai_tw/0000016C5C97459A000000506375706F795F72656C656173655155455354,ai_tw,0000016C5C97459A000000506375706F795F72656C656173655155455354,day82,"['ml100-2', 'ml100-2-d82']",0.0,1,2019-08-26
/qa/kwassist/ai_tw/0000016C695AF93B0000007B6375706F795F72656C656173655155455354,ai_tw,0000016C695AF93B0000007B6375706F795F72656C656173655155455354,D89,"['ml100-2', 'ml100-2-d89']",600.0,3,2019-08-26
/qa/kwassist/ai_tw/0000016C7A5D02280000002D6375706F795F72656C656173655155455354,ai_tw,0000016C7A5D02280000002D6375706F795F72656C656173655155455354,如何根據目標選擇機器學習模型？,['ml100-3'],0.0,1,2019-08-26
/qa/kwassist/ai_tw/0000016C7A7294830000002E6375706F795F72656C656173655155455354,ai_tw,0000016C7A7294830000002E6375706F795F72656C656173655155455354,"ML100-2-D66 : 沒有 GPU, 安裝完成後,  出現動態連結程式庫 (DLL) 初始化例行程序失敗.","['ml100-2', 'ml100-2-d66']",0.0,1,2019-08-26
/qa/kwassist/ai_tw/0000016C7B7441D5000000326375706F795F72656C656173655155455354,ai_tw,0000016C7B7441D5000000326375706F795F72656C656173655155455354,Day56 silhouette_samples,"['ml100-2-d56', 'ml100-2']",0.0,1,2019-08-26
/qa/kwassist/ai_tw/0000016C7C2AFBBE000000346375706F795F72656C656173655155455354,ai_tw,0000016C7C2AFBBE000000346375706F795F72656C656173655155455354,Day56 用silhouette score判斷分群的優點是?,"['ml100-2', 'ml100-2-d56']",0.0,1,2019-08-26
/qa/kwassist/ai_tw/0000016C7ED9E8FA000000356375706F795F72656C656173655155455354,ai_tw,0000016C7ED9E8FA000000356375706F795F72656C656173655155455354,Day57 linkage='ward'具體是怎麼運算?,"['ml100-2', 'ml100-2-d57']",1.0,1,2019-08-26
/qa/kwassist/ai_tw/0000016C8F567424000000856375706F795F72656C656173655155455354,ai_tw,0000016C8F567424000000856375706F795F72656C656173655155455354,答案說2比3分數高很多，可是silhouette score卻比較低?,"['ml100-2', 'ml100-2-d56']",0.0,1,2019-08-26
/qa/kwassist/ai_tw/0000016C910FBCBF0000009D6375706F795F72656C656173655155455354,ai_tw,0000016C910FBCBF0000009D6375706F795F72656C656173655155455354,D94  Convolution2D 超參數,"['ml100-2', 'ml100-2-d92', 'ml100-2-d93', 'ml100-2-d94']",0.0,3,2019-08-26
/qa/kwassist/ai_tw/0000016C94D2A8FA000000046375706F795F72656C656173655155455354,ai_tw,0000016C94D2A8FA000000046375706F795F72656C656173655155455354,期中考、期末考 可提供範例解答嗎?,"['期中考', '期末考', 'kaggle']",0.0,4,2019-08-26
/qa/kwassist/ai_tw/0000016C9E5C438B000000276375706F795F72656C656173655155455354,ai_tw,0000016C9E5C438B000000276375706F795F72656C656173655155455354,GitHub upload error,"['ml100-3', 'ml100-3-d02', 'github']",0.0,12,2019-08-26
/qa/kwassist/ai_tw/0000016CA8818E20000000076375706F795F72656C656173655155455354,ai_tw,0000016CA8818E20000000076375706F795F72656C656173655155455354,D89 抓不到bug...,"['ml100-2', 'ml100-2-d89']",0.0,2,2019-08-26
/qa/kwassist/ai_tw/0000016CA89FE407000000096375706F795F72656C656173655155455354,ai_tw,0000016CA89FE407000000096375706F795F72656C656173655155455354,進階學習  實現paper?,"['ml100-2', 'ml100-2-d100']",0.0,3,2019-08-26
/qa/kwassist/ai_tw/0000016CA8C1A5030000000A6375706F795F72656C656173655155455354,ai_tw,0000016CA8C1A5030000000A6375706F795F72656C656173655155455354,D93&D94教材詢問?,"['ml100-2', 'ml100-2-d93', 'ml100-2-d94']",982.0,3,2019-08-26
/qa/kwassist/ai_tw/0000016CADFDA9C0000000246375706F795F72656C656173655155455354,ai_tw,0000016CADFDA9C0000000246375706F795F72656C656173655155455354,D49 補缺值的方式?,"['ml100-2', 'ml100-2-d49']",0.0,2,2019-08-26
/qa/kwassist/ai_tw/0000016CB01F6FC40000002D6375706F795F72656C656173655155455354,ai_tw,0000016CB01F6FC40000002D6375706F795F72656C656173655155455354,固定GPU結果,"['ml100-2', '固定gpu結果']",0.0,3,2019-08-26
/qa/kwassist/ai_tw/0000016CB30A385E000000366375706F795F72656C656173655155455354,ai_tw,0000016CB30A385E000000366375706F795F72656C656173655155455354,卷基層 全連接層?,[],0.0,2,2019-08-26
/qa/kwassist/ai_tw/0000016CB345C1B90000003A6375706F795F72656C656173655155455354,ai_tw,0000016CB345C1B90000003A6375706F795F72656C656173655155455354,DAY1:-作業範例MAE中實際值的算法,"['ml100-3', 'ml100-3-d01', 'mae', '作業']",2637.5,62,2019-08-26
/qa/kwassist/ai_tw/0000016CB4A6EEC6000000466375706F795F72656C656173655155455354,ai_tw,0000016CB4A6EEC6000000466375706F795F72656C656173655155455354,D49 如何判斷相異值不具有代表性?,"['ml100-2', 'ml100-2-d49']",0.0,2,2019-08-26
/qa/kwassist/ai_tw/0000016CB66868020000004A6375706F795F72656C656173655155455354,ai_tw,0000016CB66868020000004A6375706F795F72656C656173655155455354,MEA解釋,"['ml100-3', 'ml100-3-d01']",224.2,79,2019-08-26
/qa/kwassist/ai_tw/0000016CB9E9E42A000000546375706F795F72656C656173655155455354,ai_tw,0000016CB9E9E42A000000546375706F795F72656C656173655155455354,D055 bad initialization和ground truth疑問,"['ml100-2', 'ml100-2-d55']",0.0,5,2019-08-26
/qa/kwassist/ai_tw/0000016CBE02AFE1000000056375706F795F72656C656173655155455354,ai_tw,0000016CBE02AFE1000000056375706F795F72656C656173655155455354,安裝完anaconda3完，無法順利打開Jupyter Notebook,['安裝'],0.0,10,2019-08-26
/qa/kwassist/ai_tw/0000016CC81FC4500000001D6375706F795F72656C656173655155455354,ai_tw,0000016CC81FC4500000001D6375706F795F72656C656173655155455354,D38羅吉斯迴歸出現錯誤,"['ml100-2-d38', 'ml100-2']",0.0,10,2019-08-26
/qa/kwassist/ai_tw/0000016CCB74423A000000296375706F795F72656C656173655155455354,ai_tw,0000016CCB74423A000000296375706F795F72656C656173655155455354,8/25馬拉松活動為何還沒有公布地點？,[],2.0,21,2019-08-26
/qa/kwassist/ai_tw/0000016CCBD027390000002E6375706F795F72656C656173655155455354,ai_tw,0000016CCBD027390000002E6375706F795F72656C656173655155455354,請問指標的意義?,"['ml100-3-d01', 'ml100-3']",379.5,49,2019-08-26
/qa/kwassist/ai_tw/0000016CCC5CAE0C000000356375706F795F72656C656173655155455354,ai_tw,0000016CCC5CAE0C000000356375706F795F72656C656173655155455354,百日馬拉松功課地點,[],0.0,40,2019-08-26
/qa/kwassist/ai_tw/0000016CCD38E6D5000000406375706F795F72656C656173655155455354,ai_tw,0000016CCD38E6D5000000406375706F795F72656C656173655155455354,怎麼選擇評估指標?,"['ml100-3', 'ml100-3-d01']",6.0,52,2019-08-26
/qa/kwassist/ai_tw/0000016CCE694544000000536375706F795F72656C656173655155455354,ai_tw,0000016CCE694544000000536375706F795F72656C656173655155455354,離散資料怎麼排除,"['ml100-3', 'ml100-3-d01']",0.0,8,2019-08-26
/qa/kwassist/ai_tw/00000166CE871220000000016375706F795F70726572656C656173655155455354,ai_tw,00000166CE871220000000016375706F795F70726572656C656173655155455354,有關資料介紹與評估指標 如何評估資料庫檔案內容,"['100dayml', 'kaggle', '資料評估', '數據庫']",0.0,1,2019-08-27
/qa/kwassist/ai_tw/0000016A1B031C29000000856375706F795F72656C656173655155455354,ai_tw,0000016A1B031C29000000856375706F795F72656C656173655155455354,D1的作業1：這組資料想解決的問題如何評估,"['ml100-2', 'ml100-2-d01']",0.0,1,2019-08-27
/qa/kwassist/ai_tw/0000016A1FA45617000000336375706F795F72656C656173655155455354,ai_tw,0000016A1FA45617000000336375706F795F72656C656173655155455354,DAY1  選擇了一個Stackoverflow的線上文章備份檔,"['ml100-2', 'ml100-2-d01']",0.0,1,2019-08-27
/qa/kwassist/ai_tw/0000016A21FA2B040000008A6375706F795F72656C656173655155455354,ai_tw,0000016A21FA2B040000008A6375706F795F72656C656173655155455354,上傳作業到Github,"['ml100-2', 'faq', 'github', '作業繳交', 'ml100-2-d01']",0.0,1,2019-08-27
/qa/kwassist/ai_tw/0000016A28B3F430000001976375706F795F72656C656173655155455354,ai_tw,0000016A28B3F430000001976375706F795F72656C656173655155455354,GitHub無法顯示.ipynb內容,"['ml100-2', 'faq', 'github', 'ipynb']",0.0,1,2019-08-27
/qa/kwassist/ai_tw/0000016A2A5AC1FA000000696375706F795F72656C656173655155455354,ai_tw,0000016A2A5AC1FA000000696375706F795F72656C656173655155455354,作業問題,"['ml100-2', 'faq', 'ipynb', '命名']",0.0,1,2019-08-27
/qa/kwassist/ai_tw/0000016A2BB76662000000DE6375706F795F72656C656173655155455354,ai_tw,0000016A2BB76662000000DE6375706F795F72656C656173655155455354,Day1 想解決的問題如何評估,"['ml100-2', '評估', 'mae', 'rmse', 'ml100-2-d01']",0.0,1,2019-08-27
/qa/kwassist/ai_tw/0000016A301804F3000001AB6375706F795F72656C656173655155455354,ai_tw,0000016A301804F3000001AB6375706F795F72656C656173655155455354,衡量指標有哪些?,"['ml100-2', '衡量指標', 'ml100-2-d01']",0.0,1,2019-08-27
/qa/kwassist/ai_tw/0000016A349A943D000002976375706F795F72656C656173655155455354,ai_tw,0000016A349A943D000002976375706F795F72656C656173655155455354,D3-1有關型別的問題,"['ml100-2', '型別', 'ml100-2-d03']",0.0,1,2019-08-27
/qa/kwassist/ai_tw/0000016A402B6770000004856375706F795F72656C656173655155455354,ai_tw,0000016A402B6770000004856375706F795F72656C656173655155455354,%matplotlib inline,"['ml100-2', '語法', 'ml100-2-d03']",0.0,1,2019-08-27
/qa/kwassist/ai_tw/0000016A5A3CE53A000001636375706F795F72656C656173655155455354,ai_tw,0000016A5A3CE53A000001636375706F795F72656C656173655155455354,github上傳成功但打不開,"['ml100-2', 'github', 'faq']",0.0,1,2019-08-27
/qa/kwassist/ai_tw/0000016A73C0F0A9000001176375706F795F72656C656173655155455354,ai_tw,0000016A73C0F0A9000001176375706F795F72656C656173655155455354,Day_006_HW,"['ml100-2', 'dtypes.isin', 'ml100-2-d06']",0.0,1,2019-08-27
/qa/kwassist/ai_tw/0000016AA53996DD000000A96375706F795F72656C656173655155455354,ai_tw,0000016AA53996DD000000A96375706F795F72656C656173655155455354,Day22 講義問題,"['ml100-2', 'ml100-2-d22']",0.0,1,2019-08-27
/qa/kwassist/ai_tw/0000016AD5A8D380000001B26375706F795F72656C656173655155455354,ai_tw,0000016AD5A8D380000001B26375706F795F72656C656173655155455354,關於 Day_035_HW 的問題,"['ml100-2', 'ml100-2-d35']",0.0,1,2019-08-27
/qa/kwassist/ai_tw/0000016AE8B13C6E0000022F6375706F795F72656C656173655155455354,ai_tw,0000016AE8B13C6E0000022F6375706F795F72656C656173655155455354,Day022 OneHotEncoder 作法,"['ml100-2-d22', 'ml100-2']",0.0,1,2019-08-27
/qa/kwassist/ai_tw/0000016AFA426BDA000002A06375706F795F72656C656173655155455354,ai_tw,0000016AFA426BDA000002A06375706F795F72656C656173655155455354,Day 40 迴歸分析評估標準,"['ml100-2', 'ml100-2-d40']",0.0,1,2019-08-27
/qa/kwassist/ai_tw/0000016B6FCA34F90000018E6375706F795F72656C656173655155455354,ai_tw,0000016B6FCA34F90000018E6375706F795F72656C656173655155455354,Day 56,"['ml100-2', 'ml100-2-d56']",0.0,1,2019-08-27
/qa/kwassist/ai_tw/0000016B82883BA1000000386375706F795F72656C656173655155455354,ai_tw,0000016B82883BA1000000386375706F795F72656C656173655155455354,Day58 範例程式碼中的矩陣transformation,"['ml100-2', 'ml100-2-d58']",1394.0,1,2019-08-27
/qa/kwassist/ai_tw/0000016B8357AD130000003E6375706F795F72656C656173655155455354,ai_tw,0000016B8357AD130000003E6375706F795F72656C656173655155455354,Day58,"[' 生成', 'ml100-2', 'ml100-2-d58']",0.0,1,2019-08-27
/qa/kwassist/ai_tw/0000016B83B6D06F000000426375706F795F72656C656173655155455354,ai_tw,0000016B83B6D06F000000426375706F795F72656C656173655155455354,Day37,"['ml100-2', 'ml100-2-d37']",0.0,1,2019-08-27
/qa/kwassist/ai_tw/0000016BE964CD2D000000D66375706F795F72656C656173655155455354,ai_tw,0000016BE964CD2D000000D66375706F795F72656C656173655155455354,D75 advanced 範例,"[' multiply', ' slope', ' update', 'ml100-2-d75', 'ml100-2']",0.0,1,2019-08-27
/qa/kwassist/ai_tw/0000016BEA18F9AF000000E06375706F795F72656C656173655155455354,ai_tw,0000016BEA18F9AF000000E06375706F795F72656C656173655155455354,Day 75的題意與提示?,"['ml100-2', 'ml100-2-d75']",0.0,1,2019-08-27
/qa/kwassist/ai_tw/0000016C2127B8C9000000246375706F795F72656C656173655155455354,ai_tw,0000016C2127B8C9000000246375706F795F72656C656173655155455354,Day88 f1-score of multi-class problem,"['ml100-2-d88', 'ml100-2']",0.0,1,2019-08-27
/qa/kwassist/ai_tw/0000016C3B3FF97F0000006F6375706F795F72656C656173655155455354,ai_tw,0000016C3B3FF97F0000006F6375706F795F72656C656173655155455354,解讀Code?,"['ml100-2', 'ml100-2-d88']",0.0,1,2019-08-27
/qa/kwassist/ai_tw/0000016C3E6091EF0000007F6375706F795F72656C656173655155455354,ai_tw,0000016C3E6091EF0000007F6375706F795F72656C656173655155455354,投影片跟題目都看不懂在寫什麼....?,[],0.0,2,2019-08-27
/qa/kwassist/ai_tw/0000016C4AF0ACDE000000246375706F795F72656C656173655155455354,ai_tw,0000016C4AF0ACDE000000246375706F795F72656C656173655155455354,非監督式學習降維目的,"['ml100-2', 'ml100-2-d54']",0.0,1,2019-08-27
/qa/kwassist/ai_tw/0000016C4C3482710000002B6375706F795F72656C656173655155455354,ai_tw,0000016C4C3482710000002B6375706F795F72656C656173655155455354,Day093教材有錯?,[],0.0,1,2019-08-27
/qa/kwassist/ai_tw/0000016C4D6ED68C0000002C6375706F795F72656C656173655155455354,ai_tw,0000016C4D6ED68C0000002C6375706F795F72656C656173655155455354,Day96: 參考範例:  Keras 官方範例 mnist_cnn.py 無法下載。(網址有誤),"['ml100-2', 'ml100-2-d96']",0.0,2,2019-08-27
/qa/kwassist/ai_tw/0000016C4D7480BA0000002F6375706F795F72656C656173655155455354,ai_tw,0000016C4D7480BA0000002F6375706F795F72656C656173655155455354,Day95: 教學文件的標題好像植錯。,[],0.0,1,2019-08-27
/qa/kwassist/ai_tw/0000016C4E174015000000356375706F795F72656C656173655155455354,ai_tw,0000016C4E174015000000356375706F795F72656C656173655155455354,Day 88 的 self.validation_data 的意義是什麼？,"['ml100-2-d88', 'ml100-2']",0.0,2,2019-08-27
/qa/kwassist/ai_tw/0000016C5576FB700000003D6375706F795F72656C656173655155455354,ai_tw,0000016C5576FB700000003D6375706F795F72656C656173655155455354,請問 model summary中的Param # 如何算出? 能幫忙列出算式嗎?,[],0.0,1,2019-08-27
/qa/kwassist/ai_tw/0000016C5B9AB89B0000004B6375706F795F72656C656173655155455354,ai_tw,0000016C5B9AB89B0000004B6375706F795F72656C656173655155455354,cifar_generator的labels,"['ml100-2', 'ml100-2-d98']",0.0,1,2019-08-27
/qa/kwassist/ai_tw/0000016C5C97459A000000506375706F795F72656C656173655155455354,ai_tw,0000016C5C97459A000000506375706F795F72656C656173655155455354,day82,"['ml100-2', 'ml100-2-d82']",0.0,1,2019-08-27
/qa/kwassist/ai_tw/0000016C5D409D11000000516375706F795F72656C656173655155455354,ai_tw,0000016C5D409D11000000516375706F795F72656C656173655155455354,Normalize 為何要除以 255 ?,"['ml100-2', 'ml100-2-d67']",0.0,1,2019-08-27
/qa/kwassist/ai_tw/0000016C607F57BA000000526375706F795F72656C656173655155455354,ai_tw,0000016C607F57BA000000526375706F795F72656C656173655155455354,Day70 關於 normalize  的 一些疑問,"['ml100-2-d70', 'ml-100']",0.0,1,2019-08-27
/qa/kwassist/ai_tw/0000016C648226B9000000646375706F795F72656C656173655155455354,ai_tw,0000016C648226B9000000646375706F795F72656C656173655155455354,"Day 99. 有關""資料增強""","['ml100-2', 'ml100-2-d99']",0.0,1,2019-08-27
/qa/kwassist/ai_tw/0000016C67B9F9F8000000766375706F795F72656C656173655155455354,ai_tw,0000016C67B9F9F8000000766375706F795F72656C656173655155455354,Day088,"['ml100-2', 'ml100-2-d88']",0.0,1,2019-08-27
/qa/kwassist/ai_tw/0000016C7B7441D5000000326375706F795F72656C656173655155455354,ai_tw,0000016C7B7441D5000000326375706F795F72656C656173655155455354,Day56 silhouette_samples,"['ml100-2-d56', 'ml100-2']",0.0,1,2019-08-27
/qa/kwassist/ai_tw/0000016C7BB205E9000000336375706F795F72656C656173655155455354,ai_tw,0000016C7BB205E9000000336375706F795F72656C656173655155455354,Day56 Distortion cost function,"['ml100-2', 'ml100-2-d56']",0.0,1,2019-08-27
/qa/kwassist/ai_tw/0000016C7C2AFBBE000000346375706F795F72656C656173655155455354,ai_tw,0000016C7C2AFBBE000000346375706F795F72656C656173655155455354,Day56 用silhouette score判斷分群的優點是?,"['ml100-2', 'ml100-2-d56']",2343.0,1,2019-08-27
/qa/kwassist/ai_tw/0000016C7F506EB20000003B6375706F795F72656C656173655155455354,ai_tw,0000016C7F506EB20000003B6375706F795F72656C656173655155455354,Day58 範例,"['ml100-2', 'ml100-2-d58']",0.0,1,2019-08-27
/qa/kwassist/ai_tw/0000016C8F567424000000856375706F795F72656C656173655155455354,ai_tw,0000016C8F567424000000856375706F795F72656C656173655155455354,答案說2比3分數高很多，可是silhouette score卻比較低?,"['ml100-2', 'ml100-2-d56']",0.0,1,2019-08-27
/qa/kwassist/ai_tw/0000016C94D2A8FA000000046375706F795F72656C656173655155455354,ai_tw,0000016C94D2A8FA000000046375706F795F72656C656173655155455354,期中考、期末考 可提供範例解答嗎?,"['期中考', '期末考', 'kaggle']",0.0,1,2019-08-27
/qa/kwassist/ai_tw/0000016C98BC97EF000000116375706F795F72656C656173655155455354,ai_tw,0000016C98BC97EF000000116375706F795F72656C656173655155455354,"我想上載 ipynb file 去Jupyter notebook, 但有error?",[],0.0,1,2019-08-27
/qa/kwassist/ai_tw/0000016C9E5C438B000000276375706F795F72656C656173655155455354,ai_tw,0000016C9E5C438B000000276375706F795F72656C656173655155455354,GitHub upload error,"['ml100-3', 'ml100-3-d02', 'github']",286.5,38,2019-08-27
/qa/kwassist/ai_tw/0000016CA8818E20000000076375706F795F72656C656173655155455354,ai_tw,0000016CA8818E20000000076375706F795F72656C656173655155455354,D89 抓不到bug...,"['ml100-2', 'ml100-2-d89']",0.0,1,2019-08-27
/qa/kwassist/ai_tw/0000016CA89FE407000000096375706F795F72656C656173655155455354,ai_tw,0000016CA89FE407000000096375706F795F72656C656173655155455354,進階學習  實現paper?,"['ml100-2', 'ml100-2-d100']",0.0,1,2019-08-27
/qa/kwassist/ai_tw/0000016CA8C1A5030000000A6375706F795F72656C656173655155455354,ai_tw,0000016CA8C1A5030000000A6375706F795F72656C656173655155455354,D93&D94教材詢問?,"['ml100-2', 'ml100-2-d93', 'ml100-2-d94']",0.0,1,2019-08-27
/qa/kwassist/ai_tw/0000016CADFDA9C0000000246375706F795F72656C656173655155455354,ai_tw,0000016CADFDA9C0000000246375706F795F72656C656173655155455354,D49 補缺值的方式?,"['ml100-2', 'ml100-2-d49']",0.0,1,2019-08-27
/qa/kwassist/ai_tw/0000016CB01F6FC40000002D6375706F795F72656C656173655155455354,ai_tw,0000016CB01F6FC40000002D6375706F795F72656C656173655155455354,固定GPU結果,"['ml100-2', '固定gpu結果']",0.0,1,2019-08-27
/qa/kwassist/ai_tw/0000016CB30A385E000000366375706F795F72656C656173655155455354,ai_tw,0000016CB30A385E000000366375706F795F72656C656173655155455354,卷基層 全連接層?,[],0.0,1,2019-08-27
/qa/kwassist/ai_tw/0000016CB345C1B90000003A6375706F795F72656C656173655155455354,ai_tw,0000016CB345C1B90000003A6375706F795F72656C656173655155455354,DAY1:-作業範例MAE中實際值的算法,"['ml100-3', 'ml100-3-d01', 'mae', '作業']",0.0,8,2019-08-27
/qa/kwassist/ai_tw/0000016CB4A6EEC6000000466375706F795F72656C656173655155455354,ai_tw,0000016CB4A6EEC6000000466375706F795F72656C656173655155455354,D49 如何判斷相異值不具有代表性?,"['ml100-2', 'ml100-2-d49']",0.0,1,2019-08-27
/qa/kwassist/ai_tw/0000016CB66868020000004A6375706F795F72656C656173655155455354,ai_tw,0000016CB66868020000004A6375706F795F72656C656173655155455354,MEA解釋,"['ml100-3', 'ml100-3-d01']",0.0,9,2019-08-27
/qa/kwassist/ai_tw/0000016CB9E9E42A000000546375706F795F72656C656173655155455354,ai_tw,0000016CB9E9E42A000000546375706F795F72656C656173655155455354,D055 bad initialization和ground truth疑問,"['ml100-2', 'ml100-2-d55']",0.0,1,2019-08-27
/qa/kwassist/ai_tw/0000016CBE02AFE1000000056375706F795F72656C656173655155455354,ai_tw,0000016CBE02AFE1000000056375706F795F72656C656173655155455354,安裝完anaconda3完，無法順利打開Jupyter Notebook,['安裝'],0.0,1,2019-08-27
/qa/kwassist/ai_tw/0000016CC81FC4500000001D6375706F795F72656C656173655155455354,ai_tw,0000016CC81FC4500000001D6375706F795F72656C656173655155455354,D38羅吉斯迴歸出現錯誤,"['ml100-2-d38', 'ml100-2']",0.0,1,2019-08-27
/qa/kwassist/ai_tw/0000016CCB74423A000000296375706F795F72656C656173655155455354,ai_tw,0000016CCB74423A000000296375706F795F72656C656173655155455354,8/25馬拉松活動為何還沒有公布地點？,[],65.0,9,2019-08-27
/qa/kwassist/ai_tw/0000016CCBD027390000002E6375706F795F72656C656173655155455354,ai_tw,0000016CCBD027390000002E6375706F795F72656C656173655155455354,請問指標的意義?,"['ml100-3-d01', 'ml100-3']",243.66666666666666,25,2019-08-27
/qa/kwassist/ai_tw/0000016CCC5CAE0C000000356375706F795F72656C656173655155455354,ai_tw,0000016CCC5CAE0C000000356375706F795F72656C656173655155455354,百日馬拉松功課地點,[],198.0,16,2019-08-27
/qa/kwassist/ai_tw/0000016CCD38E6D5000000406375706F795F72656C656173655155455354,ai_tw,0000016CCD38E6D5000000406375706F795F72656C656173655155455354,怎麼選擇評估指標?,"['ml100-3', 'ml100-3-d01']",460.3333333333333,27,2019-08-27
/qa/kwassist/ai_tw/0000016CCE6152A1000000526375706F795F72656C656173655155455354,ai_tw,0000016CCE6152A1000000526375706F795F72656C656173655155455354,D22_label/one hot encoding,"['ml100-2', 'ml100-2-d22']",499.0,12,2019-08-27
/qa/kwassist/ai_tw/0000016CCE694544000000536375706F795F72656C656173655155455354,ai_tw,0000016CCE694544000000536375706F795F72656C656173655155455354,離散資料怎麼排除,"['ml100-3', 'ml100-3-d01']",0.0,29,2019-08-27
/qa/kwassist/ai_tw/0000016CD235E00A000000076375706F795F72656C656173655155455354,ai_tw,0000016CD235E00A000000076375706F795F72656C656173655155455354,請問D106 和D107無題目是否是因為超過提交時間?,"['ml100-2', 'ml100-2-d106', 'ml100-2-d107']",0.0,7,2019-08-27
/qa/kwassist/ai_tw/0000016CD38991DB000000116375706F795F72656C656173655155455354,ai_tw,0000016CD38991DB000000116375706F795F72656C656173655155455354,Day 1 範例解答?,"['ml100-3-d01', 'ml100-3']",0.0,10,2019-08-27
/qa/kwassist/ai_tw/00000167ACE06B6A000000096375706F795F72656C656173655155455354,ai_tw,00000167ACE06B6A000000096375706F795F72656C656173655155455354,百日馬拉松網站是不是掛了？,"['ml100', 'faq', '官網']",0.0,1,2019-08-28
/qa/kwassist/ai_tw/00000167BD292E30000000226375706F795F72656C656173655155455354,ai_tw,00000167BD292E30000000226375706F795F72656C656173655155455354,請問 jupyter upload 上傳檔案的問題,"['jupyter', 'ipynb', 'ml100', 'faq']",0.0,1,2019-08-28
/qa/kwassist/ai_tw/0000016928B72022000001C96375706F795F72656C656173655155455354,ai_tw,0000016928B72022000001C96375706F795F72656C656173655155455354,"特徵重要性與PCA都是降維技術, 想請問這兩種技術間有什麼定義與使用上的差異?","['ml100', 'feature selection', 'feature extraction', 'ml100-d29', 'ml100-d59']",0.0,1,2019-08-28
/qa/kwassist/ai_tw/0000016A21FA2B040000008A6375706F795F72656C656173655155455354,ai_tw,0000016A21FA2B040000008A6375706F795F72656C656173655155455354,上傳作業到Github,"['ml100-2', 'faq', 'github', '作業繳交', 'ml100-2-d01']",0.0,1,2019-08-28
/qa/kwassist/ai_tw/0000016A28B3F430000001976375706F795F72656C656173655155455354,ai_tw,0000016A28B3F430000001976375706F795F72656C656173655155455354,GitHub無法顯示.ipynb內容,"['ml100-2', 'faq', 'github', 'ipynb']",0.0,1,2019-08-28
/qa/kwassist/ai_tw/0000016A2B6BDA76000000A96375706F795F72656C656173655155455354,ai_tw,0000016A2B6BDA76000000A96375706F795F72656C656173655155455354,Day1 作業MSE函式,"['ml100-2', 'mse', 'hat{y}', 'ml100-2-d01']",0.0,1,2019-08-28
/qa/kwassist/ai_tw/0000016A2BB76662000000DE6375706F795F72656C656173655155455354,ai_tw,0000016A2BB76662000000DE6375706F795F72656C656173655155455354,Day1 想解決的問題如何評估,"['ml100-2', '評估', 'mae', 'rmse', 'ml100-2-d01']",0.0,1,2019-08-28
/qa/kwassist/ai_tw/0000016A387BBB74000003436375706F795F72656C656173655155455354,ai_tw,0000016A387BBB74000003436375706F795F72656C656173655155455354,day1程式碼問題,"['ml100-2', 'mse', 'mae', 'ml100-2-d01']",0.0,1,2019-08-28
/qa/kwassist/ai_tw/0000016A4F57F637000000176375706F795F72656C656173655155455354,ai_tw,0000016A4F57F637000000176375706F795F72656C656173655155455354,「每個問題都應該要可以被驗證」觀念釐清,"['ml100-2', '觀念', 'ml100-2-d01']",0.0,2,2019-08-28
/qa/kwassist/ai_tw/0000016A552CC5D0000000CB6375706F795F72656C656173655155455354,ai_tw,0000016A552CC5D0000000CB6375706F795F72656C656173655155455354,Day1_HW問題,"['ml100-2', 'syntaxerror', '語法', 'ml100-2-d01']",0.0,1,2019-08-28
/qa/kwassist/ai_tw/0000016A9C77D2D30000000E6375706F795F72656C656173655155455354,ai_tw,0000016A9C77D2D30000000E6375706F795F72656C656173655155455354,D25範例 日週期 為何是 df['pickup_hour']/12,"['ml100-2', 'ml100-2-d25']",120.0,1,2019-08-28
/qa/kwassist/ai_tw/0000016AE8B13C6E0000022F6375706F795F72656C656173655155455354,ai_tw,0000016AE8B13C6E0000022F6375706F795F72656C656173655155455354,Day022 OneHotEncoder 作法,"['ml100-2-d22', 'ml100-2']",0.0,1,2019-08-28
/qa/kwassist/ai_tw/0000016B485E1F27000000B36375706F795F72656C656173655155455354,ai_tw,0000016B485E1F27000000B36375706F795F72656C656173655155455354,D21,"['ml100-2-d21', 'ml100-2']",0.0,1,2019-08-28
/qa/kwassist/ai_tw/0000016B694BADD3000001686375706F795F72656C656173655155455354,ai_tw,0000016B694BADD3000001686375706F795F72656C656173655155455354,關於MAE和ＭSE?,"['ml100-2', 'ml100-2-d36', 'day 36']",0.0,1,2019-08-28
/qa/kwassist/ai_tw/0000016B74FF4A740000000C6375706F795F72656C656173655155455354,ai_tw,0000016B74FF4A740000000C6375706F795F72656C656173655155455354,Day 59,"['ml100-2', 'ml100-2-d59']",0.0,1,2019-08-28
/qa/kwassist/ai_tw/0000016B82883BA1000000386375706F795F72656C656173655155455354,ai_tw,0000016B82883BA1000000386375706F795F72656C656173655155455354,Day58 範例程式碼中的矩陣transformation,"['ml100-2', 'ml100-2-d58']",0.0,1,2019-08-28
/qa/kwassist/ai_tw/0000016B8C6E7AEF000000766375706F795F72656C656173655155455354,ai_tw,0000016B8C6E7AEF000000766375706F795F72656C656173655155455354,Day59_text3D問題,"['ml100-2', 'ml100-2-d59']",0.0,2,2019-08-28
/qa/kwassist/ai_tw/0000016B9E808D27000000CB6375706F795F72656C656173655155455354,ai_tw,0000016B9E808D27000000CB6375706F795F72656C656173655155455354,請問老師 plt.clf()  plt.cla(),"['ml100-2', 'ml100-2-d59']",0.0,2,2019-08-28
/qa/kwassist/ai_tw/0000016BB1A6FC6B000001256375706F795F72656C656173655155455354,ai_tw,0000016BB1A6FC6B000001256375706F795F72656C656173655155455354,D59,"['ml100-2', 'ml100-2-d59']",1320.0,2,2019-08-28
/qa/kwassist/ai_tw/0000016BDBFF0982000000936375706F795F72656C656173655155455354,ai_tw,0000016BDBFF0982000000936375706F795F72656C656173655155455354,Day24 HW,"['ml100-2', 'ml100-2-d24']",0.0,1,2019-08-28
/qa/kwassist/ai_tw/0000016C648226B9000000646375706F795F72656C656173655155455354,ai_tw,0000016C648226B9000000646375706F795F72656C656173655155455354,"Day 99. 有關""資料增強""","['ml100-2', 'ml100-2-d99']",0.0,2,2019-08-28
/qa/kwassist/ai_tw/0000016C67B9F9F8000000766375706F795F72656C656173655155455354,ai_tw,0000016C67B9F9F8000000766375706F795F72656C656173655155455354,Day088,"['ml100-2', 'ml100-2-d88']",0.0,1,2019-08-28
/qa/kwassist/ai_tw/0000016C67DC28220000007A6375706F795F72656C656173655155455354,ai_tw,0000016C67DC28220000007A6375706F795F72656C656173655155455354,model.add activation,[],0.0,1,2019-08-28
/qa/kwassist/ai_tw/0000016C7A7294830000002E6375706F795F72656C656173655155455354,ai_tw,0000016C7A7294830000002E6375706F795F72656C656173655155455354,"ML100-2-D66 : 沒有 GPU, 安裝完成後,  出現動態連結程式庫 (DLL) 初始化例行程序失敗.","['ml100-2', 'ml100-2-d66']",18.0,1,2019-08-28
/qa/kwassist/ai_tw/0000016C94D2A8FA000000046375706F795F72656C656173655155455354,ai_tw,0000016C94D2A8FA000000046375706F795F72656C656173655155455354,期中考、期末考 可提供範例解答嗎?,"['期中考', '期末考', 'kaggle']",0.0,4,2019-08-28
/qa/kwassist/ai_tw/0000016C9E5C438B000000276375706F795F72656C656173655155455354,ai_tw,0000016C9E5C438B000000276375706F795F72656C656173655155455354,GitHub upload error,"['ml100-3', 'ml100-3-d02', 'github']",0.0,3,2019-08-28
/qa/kwassist/ai_tw/0000016CA8C1A5030000000A6375706F795F72656C656173655155455354,ai_tw,0000016CA8C1A5030000000A6375706F795F72656C656173655155455354,D93&D94教材詢問?,"['ml100-2', 'ml100-2-d93', 'ml100-2-d94']",0.0,1,2019-08-28
/qa/kwassist/ai_tw/0000016CB345C1B90000003A6375706F795F72656C656173655155455354,ai_tw,0000016CB345C1B90000003A6375706F795F72656C656173655155455354,DAY1:-作業範例MAE中實際值的算法,"['ml100-3', 'ml100-3-d01', 'mae', '作業']",0.0,5,2019-08-28
/qa/kwassist/ai_tw/0000016CB66868020000004A6375706F795F72656C656173655155455354,ai_tw,0000016CB66868020000004A6375706F795F72656C656173655155455354,MEA解釋,"['ml100-3', 'ml100-3-d01']",0.0,7,2019-08-28
/qa/kwassist/ai_tw/0000016CCB74423A000000296375706F795F72656C656173655155455354,ai_tw,0000016CCB74423A000000296375706F795F72656C656173655155455354,8/25馬拉松活動為何還沒有公布地點？,[],0.0,2,2019-08-28
/qa/kwassist/ai_tw/0000016CCBD027390000002E6375706F795F72656C656173655155455354,ai_tw,0000016CCBD027390000002E6375706F795F72656C656173655155455354,請問指標的意義?,"['ml100-3-d01', 'ml100-3']",0.0,7,2019-08-28
/qa/kwassist/ai_tw/0000016CCC5CAE0C000000356375706F795F72656C656173655155455354,ai_tw,0000016CCC5CAE0C000000356375706F795F72656C656173655155455354,百日馬拉松功課地點,[],0.0,3,2019-08-28
/qa/kwassist/ai_tw/0000016CCD38E6D5000000406375706F795F72656C656173655155455354,ai_tw,0000016CCD38E6D5000000406375706F795F72656C656173655155455354,怎麼選擇評估指標?,"['ml100-3', 'ml100-3-d01']",81.0,12,2019-08-28
/qa/kwassist/ai_tw/0000016CCE6152A1000000526375706F795F72656C656173655155455354,ai_tw,0000016CCE6152A1000000526375706F795F72656C656173655155455354,D22_label/one hot encoding,"['ml100-2', 'ml100-2-d22']",49.0,6,2019-08-28
/qa/kwassist/ai_tw/0000016CCE694544000000536375706F795F72656C656173655155455354,ai_tw,0000016CCE694544000000536375706F795F72656C656173655155455354,離散資料怎麼排除,"['ml100-3', 'ml100-3-d01']",208.0,10,2019-08-28
/qa/kwassist/ai_tw/0000016CD235E00A000000076375706F795F72656C656173655155455354,ai_tw,0000016CD235E00A000000076375706F795F72656C656173655155455354,請問D106 和D107無題目是否是因為超過提交時間?,"['ml100-2', 'ml100-2-d106', 'ml100-2-d107']",0.0,8,2019-08-28
/qa/kwassist/ai_tw/0000016CD38991DB000000116375706F795F72656C656173655155455354,ai_tw,0000016CD38991DB000000116375706F795F72656C656173655155455354,Day 1 範例解答?,"['ml100-3-d01', 'ml100-3']",484.1666666666667,38,2019-08-28
/qa/kwassist/ai_tw/0000016CD3CDD7E40000001A6375706F795F72656C656173655155455354,ai_tw,0000016CD3CDD7E40000001A6375706F795F72656C656173655155455354,github無法預覽,[],0.0,10,2019-08-28
/qa/kwassist/ai_tw/0000016CD3F307540000001D6375706F795F72656C656173655155455354,ai_tw,0000016CD3F307540000001D6375706F795F72656C656173655155455354,D21 stats.boxcox 程式碼的語法?,"['ml100-2', 'ml100-2-d21']",0.0,8,2019-08-28
/qa/kwassist/ai_tw/0000016CD3F8C3630000001E6375706F795F72656C656173655155455354,ai_tw,0000016CD3F8C3630000001E6375706F795F72656C656173655155455354,無法從GitHub Desktop 進行push origin,"['ml100-3', 'ml100-3-d03']",396.0,19,2019-08-28
/qa/kwassist/ai_tw/0000016CD8552B06000000376375706F795F72656C656173655155455354,ai_tw,0000016CD8552B06000000376375706F795F72656C656173655155455354,期末考 無法匯入檔案,"['期末考', 'ml100-2']",0.0,2,2019-08-28
/qa/kwassist/ai_tw/0000016A3F4805E7000004426375706F795F72656C656173655155455354,ai_tw,0000016A3F4805E7000004426375706F795F72656C656173655155455354,Day2 一直出現FileNotFoundError,"['ml100-2', '路徑', 'ml100-2-d02']",0.0,1,2019-08-29
/qa/kwassist/ai_tw/0000016A697E21D7000002E36375706F795F72656C656173655155455354,ai_tw,0000016A697E21D7000002E36375706F795F72656C656173655155455354,Day002 找不到路徑,"['ml100-2', '路徑', 'ml100-2-d02']",0.0,1,2019-08-29
/qa/kwassist/ai_tw/0000016AE03CE24D000001FD6375706F795F72656C656173655155455354,ai_tw,0000016AE03CE24D000001FD6375706F795F72656C656173655155455354,UnicodeDecodeError問題,"['ml100-2', 'ml100-2-d02']",0.0,1,2019-08-29
/qa/kwassist/ai_tw/0000016AF96BEFCE000002966375706F795F72656C656173655155455354,ai_tw,0000016AF96BEFCE000002966375706F795F72656C656173655155455354,day-38,"['ml100-2', 'ml100-2-d38']",0.0,1,2019-08-29
/qa/kwassist/ai_tw/0000016B459D88F9000000A16375706F795F72656C656173655155455354,ai_tw,0000016B459D88F9000000A16375706F795F72656C656173655155455354,acc跑出來是負的，預設超參數跑出來也有0.95，?,['day47'],251.0,1,2019-08-29
/qa/kwassist/ai_tw/0000016B7531467B0000000E6375706F795F72656C656173655155455354,ai_tw,0000016B7531467B0000000E6375706F795F72656C656173655155455354,Day 41: 決策樹假設 & 分割條件,"['ml100-2', 'ml100-2-d41']",0.0,1,2019-08-29
/qa/kwassist/ai_tw/0000016B7FC3A16F0000002B6375706F795F72656C656173655155455354,ai_tw,0000016B7FC3A16F0000002B6375706F795F72656C656173655155455354,D38 建立線性回歸模型方式和以往不同?,"['ml100-2', 'ml100-2-d38']",0.0,1,2019-08-29
/qa/kwassist/ai_tw/0000016B82883BA1000000386375706F795F72656C656173655155455354,ai_tw,0000016B82883BA1000000386375706F795F72656C656173655155455354,Day58 範例程式碼中的矩陣transformation,"['ml100-2', 'ml100-2-d58']",0.0,1,2019-08-29
/qa/kwassist/ai_tw/0000016B99ADE35D000000C16375706F795F72656C656173655155455354,ai_tw,0000016B99ADE35D000000C16375706F795F72656C656173655155455354,Day063 何謂影像特徵的平移不變性?,"['ml100-2', 'ml100-2-d63']",0.0,1,2019-08-29
/qa/kwassist/ai_tw/0000016BBFEF73FF0000000B6375706F795F72656C656173655155455354,ai_tw,0000016BBFEF73FF0000000B6375706F795F72656C656173655155455354,安裝後執行import時無法找到cudart64_90.dll,"['ml100-2-d66', 'ml100-2']",0.0,1,2019-08-29
/qa/kwassist/ai_tw/0000016BF5245E110000011A6375706F795F72656C656173655155455354,ai_tw,0000016BF5245E110000011A6375706F795F72656C656173655155455354,Dense 程式碼問題,"['ml100-2', 'ml100-2-d70']",0.0,1,2019-08-29
/qa/kwassist/ai_tw/0000016C008E1BCB0000014E6375706F795F72656C656173655155455354,ai_tw,0000016C008E1BCB0000014E6375706F795F72656C656173655155455354,Day077、078的例子overfitting的問題,"['ml100-2', 'ml100-2-d77', 'ml100-2-d78']",0.0,1,2019-08-29
/qa/kwassist/ai_tw/0000016C02DF3F78000001566375706F795F72656C656173655155455354,ai_tw,0000016C02DF3F78000001566375706F795F72656C656173655155455354,MinMaxScaler  無法處理 dim >2,"['ml100-2', 'ml100-2-d78']",0.0,1,2019-08-29
/qa/kwassist/ai_tw/0000016C038A0379000001586375706F795F72656C656173655155455354,ai_tw,0000016C038A0379000001586375706F795F72656C656173655155455354,"[""CUDA_VISIBLE_DEVICES""]=""0"" 沒有使用到GPU?","['ml100-2', 'ml100-2-d78']",0.0,1,2019-08-29
/qa/kwassist/ai_tw/0000016C0EE39833000001926375706F795F72656C656173655155455354,ai_tw,0000016C0EE39833000001926375706F795F72656C656173655155455354,關於 Information Gain 和 Gini Index,"['ml100-2', 'ml100-2-d41']",0.0,1,2019-08-29
/qa/kwassist/ai_tw/0000016C1A7C7D4A0000000B6375706F795F72656C656173655155455354,ai_tw,0000016C1A7C7D4A0000000B6375706F795F72656C656173655155455354,day-78,"['ml100-2-d78', 'ml100-2']",0.0,1,2019-08-29
/qa/kwassist/ai_tw/0000016C1E3F5EF1000000156375706F795F72656C656173655155455354,ai_tw,0000016C1E3F5EF1000000156375706F795F72656C656173655155455354,Day086_HW 問題,"['ml100-2', 'ml100-2-d86']",4066.0,2,2019-08-29
/qa/kwassist/ai_tw/0000016C33B38D0D000000636375706F795F72656C656173655155455354,ai_tw,0000016C33B38D0D000000636375706F795F72656C656173655155455354,Day_086的作業,"['ml100-2-d86', 'ml100-2']",0.0,1,2019-08-29
/qa/kwassist/ai_tw/0000016C437188400000000A6375706F795F72656C656173655155455354,ai_tw,0000016C437188400000000A6375706F795F72656C656173655155455354,Day093 Dense和Conv2D的差異是?,"['ml100-2', 'ml100-2-d68']",0.0,1,2019-08-29
/qa/kwassist/ai_tw/0000016C67B9F9F8000000766375706F795F72656C656173655155455354,ai_tw,0000016C67B9F9F8000000766375706F795F72656C656173655155455354,Day088,"['ml100-2', 'ml100-2-d88']",0.0,2,2019-08-29
/qa/kwassist/ai_tw/0000016C7A5D02280000002D6375706F795F72656C656173655155455354,ai_tw,0000016C7A5D02280000002D6375706F795F72656C656173655155455354,如何根據目標選擇機器學習模型？,['ml100-3'],0.0,1,2019-08-29
/qa/kwassist/ai_tw/0000016C7BB205E9000000336375706F795F72656C656173655155455354,ai_tw,0000016C7BB205E9000000336375706F795F72656C656173655155455354,Day56 Distortion cost function,"['ml100-2', 'ml100-2-d56']",0.0,1,2019-08-29
/qa/kwassist/ai_tw/0000016C7C2AFBBE000000346375706F795F72656C656173655155455354,ai_tw,0000016C7C2AFBBE000000346375706F795F72656C656173655155455354,Day56 用silhouette score判斷分群的優點是?,"['ml100-2', 'ml100-2-d56']",0.0,1,2019-08-29
/qa/kwassist/ai_tw/0000016C8F567424000000856375706F795F72656C656173655155455354,ai_tw,0000016C8F567424000000856375706F795F72656C656173655155455354,答案說2比3分數高很多，可是silhouette score卻比較低?,"['ml100-2', 'ml100-2-d56']",142.0,1,2019-08-29
/qa/kwassist/ai_tw/0000016C910FBCBF0000009D6375706F795F72656C656173655155455354,ai_tw,0000016C910FBCBF0000009D6375706F795F72656C656173655155455354,D94  Convolution2D 超參數,"['ml100-2', 'ml100-2-d92', 'ml100-2-d93', 'ml100-2-d94']",1081.0,1,2019-08-29
/qa/kwassist/ai_tw/0000016C94D2A8FA000000046375706F795F72656C656173655155455354,ai_tw,0000016C94D2A8FA000000046375706F795F72656C656173655155455354,期中考、期末考 可提供範例解答嗎?,"['期中考', '期末考', 'kaggle']",0.0,6,2019-08-29
/qa/kwassist/ai_tw/0000016C9E5C438B000000276375706F795F72656C656173655155455354,ai_tw,0000016C9E5C438B000000276375706F795F72656C656173655155455354,GitHub upload error,"['ml100-3', 'ml100-3-d02', 'github']",0.0,3,2019-08-29
/qa/kwassist/ai_tw/0000016CA89FE407000000096375706F795F72656C656173655155455354,ai_tw,0000016CA89FE407000000096375706F795F72656C656173655155455354,進階學習  實現paper?,"['ml100-2', 'ml100-2-d100']",0.0,1,2019-08-29
/qa/kwassist/ai_tw/0000016CB345C1B90000003A6375706F795F72656C656173655155455354,ai_tw,0000016CB345C1B90000003A6375706F795F72656C656173655155455354,DAY1:-作業範例MAE中實際值的算法,"['ml100-3', 'ml100-3-d01', 'mae', '作業']",0.0,3,2019-08-29
/qa/kwassist/ai_tw/0000016CB66868020000004A6375706F795F72656C656173655155455354,ai_tw,0000016CB66868020000004A6375706F795F72656C656173655155455354,MEA解釋,"['ml100-3', 'ml100-3-d01']",46.0,7,2019-08-29
/qa/kwassist/ai_tw/0000016CCB74423A000000296375706F795F72656C656173655155455354,ai_tw,0000016CCB74423A000000296375706F795F72656C656173655155455354,8/25馬拉松活動為何還沒有公布地點？,[],0.0,1,2019-08-29
/qa/kwassist/ai_tw/0000016CCBD027390000002E6375706F795F72656C656173655155455354,ai_tw,0000016CCBD027390000002E6375706F795F72656C656173655155455354,請問指標的意義?,"['ml100-3-d01', 'ml100-3']",0.0,6,2019-08-29
/qa/kwassist/ai_tw/0000016CCC5CAE0C000000356375706F795F72656C656173655155455354,ai_tw,0000016CCC5CAE0C000000356375706F795F72656C656173655155455354,百日馬拉松功課地點,[],0.0,1,2019-08-29
/qa/kwassist/ai_tw/0000016CCD38E6D5000000406375706F795F72656C656173655155455354,ai_tw,0000016CCD38E6D5000000406375706F795F72656C656173655155455354,怎麼選擇評估指標?,"['ml100-3', 'ml100-3-d01']",134.0,11,2019-08-29
/qa/kwassist/ai_tw/0000016CCE6152A1000000526375706F795F72656C656173655155455354,ai_tw,0000016CCE6152A1000000526375706F795F72656C656173655155455354,D22_label/one hot encoding,"['ml100-2', 'ml100-2-d22']",70.0,5,2019-08-29
/qa/kwassist/ai_tw/0000016CCE694544000000536375706F795F72656C656173655155455354,ai_tw,0000016CCE694544000000536375706F795F72656C656173655155455354,離散資料怎麼排除,"['ml100-3', 'ml100-3-d01']",0.0,11,2019-08-29
/qa/kwassist/ai_tw/0000016CD235E00A000000076375706F795F72656C656173655155455354,ai_tw,0000016CD235E00A000000076375706F795F72656C656173655155455354,請問D106 和D107無題目是否是因為超過提交時間?,"['ml100-2', 'ml100-2-d106', 'ml100-2-d107']",0.0,3,2019-08-29
/qa/kwassist/ai_tw/0000016CD38991DB000000116375706F795F72656C656173655155455354,ai_tw,0000016CD38991DB000000116375706F795F72656C656173655155455354,Day 1 範例解答?,"['ml100-3-d01', 'ml100-3']",1780.0,27,2019-08-29
/qa/kwassist/ai_tw/0000016CD3CDD7E40000001A6375706F795F72656C656173655155455354,ai_tw,0000016CD3CDD7E40000001A6375706F795F72656C656173655155455354,github無法預覽,[],0.0,9,2019-08-29
/qa/kwassist/ai_tw/0000016CD3F307540000001D6375706F795F72656C656173655155455354,ai_tw,0000016CD3F307540000001D6375706F795F72656C656173655155455354,D21 stats.boxcox 程式碼的語法?,"['ml100-2', 'ml100-2-d21']",0.0,1,2019-08-29
/qa/kwassist/ai_tw/0000016CD3F8C3630000001E6375706F795F72656C656173655155455354,ai_tw,0000016CD3F8C3630000001E6375706F795F72656C656173655155455354,無法從GitHub Desktop 進行push origin,"['ml100-3', 'ml100-3-d03']",807.0,11,2019-08-29
/qa/kwassist/ai_tw/0000016CD8552B06000000376375706F795F72656C656173655155455354,ai_tw,0000016CD8552B06000000376375706F795F72656C656173655155455354,期末考 無法匯入檔案,"['期末考', 'ml100-2']",0.0,2,2019-08-29
/qa/kwassist/ai_tw/0000016CDB5E9870000000416375706F795F72656C656173655155455354,ai_tw,0000016CDB5E9870000000416375706F795F72656C656173655155455354,Day3問題?,"['mse', 'loss', 'ml100-3', 'ml100-3-d3']",0.0,10,2019-08-29
/qa/kwassist/ai_tw/0000016CDBD7BE60000000456375706F795F72656C656173655155455354,ai_tw,0000016CDBD7BE60000000456375706F795F72656C656173655155455354,無法安裝Anaconda Python,[],0.0,8,2019-08-29
/qa/kwassist/ai_tw/0000016CDC66990A000000486375706F795F72656C656173655155455354,ai_tw,0000016CDC66990A000000486375706F795F72656C656173655155455354,第二屆百日馬拉松賽後問題與建議,"['ml100-2', 'ml100-2-d50', 'ml100-2-d63', 'ml100-2-d64', 'ml100-2-d98']",0.0,11,2019-08-29
/qa/kwassist/ai_tw/0000016CDCAC32BE000000496375706F795F72656C656173655155455354,ai_tw,0000016CDCAC32BE000000496375706F795F72656C656173655155455354,module 'folium' has no attribute 'Map'?,"[""module 'folium' has no attribute 'map'""]",0.0,8,2019-08-29
/qa/kwassist/ai_tw/0000016CDD6161E2000000536375706F795F72656C656173655155455354,ai_tw,0000016CDD6161E2000000536375706F795F72656C656173655155455354,Day004 路徑問題?,['路徑'],0.0,11,2019-08-29
/qa/kwassist/ai_tw/0000016CDD99DED20000005C6375706F795F72656C656173655155455354,ai_tw,0000016CDD99DED20000005C6375706F795F72656C656173655155455354,D4資料下載認證問題,"['ml100-3', 'ml100-3-d04']",152.0,12,2019-08-29
/qa/kwassist/ai_tw/0000016CDDAF5172000000626375706F795F72656C656173655155455354,ai_tw,0000016CDDAF5172000000626375706F795F72656C656173655155455354,d4資料集要怎麼下載?,"['ml100-3', 'ml100-3-d04']",0.0,13,2019-08-29
/qa/kwassist/ai_tw/0000016CDDD9D929000000696375706F795F72656C656173655155455354,ai_tw,0000016CDDD9D929000000696375706F795F72656C656173655155455354,D4 嘗試使用loc語法，但是指定複數index時噴錯,['ml100-3-d04'],0.0,7,2019-08-29
/qa/kwassist/ai_tw/0000016CDDDC12B50000006B6375706F795F72656C656173655155455354,ai_tw,0000016CDDDC12B50000006B6375706F795F72656C656173655155455354,UnicodeDecodeError: 'utf-8' codec can't decode byte 0x85 in position 59: invalid start byte,"['ml100-3-d04', 'ml100-3']",0.0,7,2019-08-29
/qa/kwassist/ai_tw/0000016CDDE9D789000000706375706F795F72656C656173655155455354,ai_tw,0000016CDDE9D789000000706375706F795F72656C656173655155455354,抱歉，無法讀到檔案，不知道應該放在哪個資料夾?感恩,"['ml100-3', 'ml100-3-d04']",0.0,2,2019-08-29
