mrscid,mrsname,newsid,newstitle,bucketgrpids,bucketgrptitles,bucketids,influencerids,timestamp,logdate
empty,空的,68747470733A2F2F746563686E6577732E74772F323031392F30362F32392F7468652D66697273742D61692D63617061626C652D6F662D73696D756C6174696E672D7468652D756E6976657273652D776F726B732D736F2D77656C6C2D6974732D73636172792F3F75746D5F736F757263653D66625F746E2675746D5F6D656469756D3D66616365626F6F6B,首個 AI 宇宙模擬器面世，效果令人驚訝 | TechNews 科技新報,"['3CExpert_tw', 'tech_tw']","['3C達人', '科技']",['robot_tw'],['000001579E025C270000003D6375706F795F72656C65617365494E464C55'],1561907345160,2019-06-30
empty,空的,68747470733A2F2F756E776972652E70726F2F323031392F30362F33302F61692D322F636F6C756D6E6973742F,如何設計可持續的人工智能工作間 - UNWIRE.PRO,"['WhiteCollar_tw', 'business_tw', 'tech_tw']","['職場白領', '商業', '科技']","['career_tw', 'management_tw', 'robot_tw']",['0000016140DF984F000000026375706F795F72656C65617365494E464C55'],1561907303852,2019-06-30
empty,空的,68747470733A2F2F7777772E636F6F6C33632E636F6D2F61727469636C652F313435343532,Google母公司旗下自駕車新創Waymo 吸收AI玩具車Anki核心技術人員 推動自動駕駛卡車發展 (145452) - 癮科技 Cool3c,['tech_tw'],['科技'],"['UAS_tw', 'robot_tw']",['00000152A69855D6000000066261636B656E645F6C6F63616C494E464C55'],1561907481191,2019-06-30
empty,空的,68747470733A2F2F7777772E63772E636F6D2E74772F61727469636C652F61727469636C652E616374696F6E3F69643D353039353631302675746D5F63616D706169676E3D66625F63772D736F6369616C2D6461696C792675746D5F6D656469756D3D736F6369616C2675746D5F736F757263653D66625F6377,臺灣產業發展人工智慧　三大方向可參考｜經營管理｜管理｜2019-06-14｜天下雜誌出版｜天下雜誌,"['WhiteCollar_tw', 'business_tw', 'tech_tw']","['職場白領', '商業', '科技']","['management_tw', 'robot_tw']",['00000162CCA9293D000000016375706F795F72656C65617365494E464C55'],1561907334462,2019-06-30
empty,空的,68747470733A2F2F7777772E696E736964652E636F6D2E74772F61727469636C652F31363735392D74696D652D6E65772D7472616E7369742D757064617465732D676F6F676C652D6D617073,用 AI 更精準預測！Google 地圖兩大新功能：車廂擁擠提醒、即時公車延誤時間 - INSIDE,['tech_tw'],['科技'],"['GoogleZone_tw', 'robot_tw']",['000001522EC63532000000016261636B656E645F6C6F63616C494E464C55'],1561909099651,2019-06-30
C4410729,陳彥吉,68747470733A2F2F7777772E6974686F6D652E636F6D2E74772F6E6577732F313331353337,一週大事：靠AI判讀腦出血CT不用30秒。日本樂天公開在臺純網銀戰略 | iThome,['tech_tw'],['科技'],"['BlockChain_tw', 'info_security_tw']",['000001579E138131000000476375706F795F72656C65617365494E464C55'],1561884722681,2019-06-30
C4410729,陳彥吉,68747470733A2F2F7777772E6A6971697A686978696E2E636F6D2F61727469636C65732F323031392D30362D33302D33,7 Papers | 深度強化學習綜述、圖靈71年前未發表的智能機器論文 | 機器之心,['tech_tw'],['科技'],['robot_tw'],['0000015EBC10BCDC000000016375706F795F72656C65617365494E464C55'],1561884685869,2019-06-30
C4410729,陳彥吉,68747470733A2F2F7777772E736D6172746D2E636F6D2E74772F61727469636C652F3335333133393330636561333F6662636C69643D497741523156434568486D316B2D765733536F3769474476617861532D356C6A70716B526842646D71444D7569415F6B574A44664D4672785036583459,捷運站買蛋糕？亞尼克無人商店的背後算盤 | SmartM 新網路科技,"['WhiteCollar_tw', 'business_tw']","['職場白領', '商業']",['marketing_tw'],['00000157E6267A970000000B6375706F795F72656C65617365494E464C55'],1561903612832,2019-06-30
empty,空的,68747470733A2F2F7777772E7465636862616E672E636F6D2F706F7374732F37313131372D3131352D79656172732D61667465722D6465767A616B732D64656174682D61692D636F6E74696E7565732D746F2D636F6D706C6574652D6869732D756E66696E69736865642D776F726B2D616E642D77696C6C2D62652D706572666F726D65642D62792D612D6C6976652D6F72636865737472613F66726F6D3D686F6D655F6E657773,德弗札克去世115年後，AI續譜完了他未完成的作品並將由真人管絃樂團演出 | T客邦,['tech_tw'],['科技'],['robot_tw'],['00000153074728ED0000000D6261636B656E645F6C6F63616C494E464C55'],1561907472476,2019-06-30
empty,空的,68747470733A2F2F6368696E6573652E656E6761646765742E636F6D2F323031392F30372F30312F617375732D7A656E666F6E652D362D7265697665772F,華碩 ZenFone 6 評測：給硬派的手機,['empty'],['空的'],['empty'],['000001579D7E5CCB000000036375706F795F72656C65617365494E464C55'],1561972384416,2019-07-01
01313339,Jimmy Chang,68747470733A2F2F696E666F2E62616279686F6D652E636F6D2E74772F61727469636C652F32303538333F75746D5F736F757263653D66622675746D5F6D656469756D3D303633305F313830305F706F73742675746D5F63616D706169676E3D696E666F,黃殼蛋比白殼蛋營養？營養師這樣說 - BabyHome 新知大耳朵,"['Babyhome_tw', 'life_tw']","['親子家庭', '生活']",[],['00000158049D6E930000000D6375706F795F72656C65617365494E464C55'],1561950807544,2019-07-01
empty,空的,68747470733A2F2F746563686E6577732E74772F323031392F30362F32352F7869616F6D692D6D692D62616E642D342D696E2D74616977616E2F3F75746D5F736F757263653D66625F746E2675746D5F6D656469756D3D66616365626F6F6B,小米新品發表，小米手環 4 領軍 | TechNews 科技新報,"['3CExpert_tw', 'tech_tw']","['3C達人', '科技']",['3c_tw'],['000001579E025C270000003D6375706F795F72656C65617365494E464C55'],1561971220093,2019-07-01
B0310653,Floyd,68747470733A2F2F746563686E6577732E74772F323031392F30362F32382F676F6F676C652D6D6170732D6E65772D61692D707265646963742D686F772D63726F77642D7468652D636F6D6D7574652D6C696E652D69732F3F75746D5F736F757263653D66625F746E2675746D5F6D656469756D3D66616365626F6F6B,Google 地圖 AI 新功能，預測通勤路線擁擠程度及班次延遲情形 | TechNews 科技新報,"['3CExpert_tw', 'tech_tw']","['3C達人', '科技']","['GoogleZone_tw', 'robot_tw']",['000001579E025C270000003D6375706F795F72656C65617365494E464C55'],1561962121555,2019-07-01
B0310653,Floyd,68747470733A2F2F7777772E6262632E636F6D2F756B6368696E612F747261642F3438373837333036,機器人如何「搶走2000萬工人的飯碗」 - BBC 英倫網,['tech_tw'],['科技'],['robot_tw'],['00000157BC10AABC0000001B6375706F795F72656C65617365494E464C55'],1561955231833,2019-07-01
B0310653,Floyd,68747470733A2F2F7777772E626C6F636B74656D706F2E636F6D2F636F727465782D6C61756E63682D6974732D6D61696E6E65742D6272696E67732D7468652D776F726C642D61692D736D6172742D636F6E74726163742F,「第一個讓智能合約執行 AI 模型的公有鏈」—— Cortex 主網正式上線 | BlockTempo 動區動趨,['tech_tw'],['科技'],"['BlockChain_tw', 'GoogleZone_tw', 'robot_tw']",['00000160DA02BCAB000000016375706F795F72656C65617365494E464C55'],1561955121782,2019-07-01
01313339,Jimmy Chang,68747470733A2F2F7777772E626E6578742E636F6D2E74772F61727469636C652F35333833302F686F6E6573746265652D73746F702D74616977616E2D6D61726B65742D6F7065726174696F6E,暫停臺灣營運、新加坡總部薪水遲發.....員工第一手告白誠實蜜蜂的困境｜數位時代,"['WhiteCollar_tw', 'business_tw']","['職場白領', '商業']","['career_tw', 'management_tw']","['00000153174BB0C70000000C6261636B656E645F6C6F63616C494E464C55', '000001557C043C150000000E61646D696E5F70726572656C65617365494E464C55', '00000155B9E1BB0B0000001261646D696E5F70726572656C65617365494E464C55', '000001579DAF67DF0000001D6375706F795F72656C65617365494E464C55']",1561948339006,2019-07-01
empty,空的,68747470733A2F2F7777772E696E736964652E636F6D2E74772F61727469636C652F31363735392D74696D652D6E65772D7472616E7369742D757064617465732D676F6F676C652D6D617073,用 AI 更精準預測！Google 地圖兩大新功能：車廂擁擠提醒、即時公車延誤時間 - INSIDE,['tech_tw'],['科技'],"['GoogleZone_tw', 'robot_tw']",['000001522EC63532000000016261636B656E645F6C6F63616C494E464C55'],1561980461434,2019-07-01
B0310653,Floyd,68747470733A2F2F7777772E6974686F6D652E636F6D2E74772F6E6577732F313331353139,專家呼籲不應將AI用於全面監控與社會信用系統 | iThome,['tech_tw'],['科技'],['robot_tw'],['000001579E138131000000476375706F795F72656C65617365494E464C55'],1561954824741,2019-07-01
empty,空的,68747470733A2F2F7777772E6974686F6D652E636F6D2E74772F6E6577732F313331353432,OpenID基金會：蘋果Sign with Apple未完全標準化，可能提升用戶安全風險 | iThome,"['3CExpert_tw', 'tech_tw']","['3C達人', '科技']",['apple_tw'],['000001579E138131000000476375706F795F72656C65617365494E464C55'],1561957129047,2019-07-01
empty,空的,68747470733A2F2F7777772E6974686F6D652E636F6D2E74772F6E6577732F313331353432,OpenID基金會：蘋果Sign with Apple未完全標準化，可能提升用戶安全風險 | iThome,"['3CExpert_tw', 'tech_tw']","['3C達人', '科技']",['apple_tw'],['000001579E138131000000476375706F795F72656C65617365494E464C55'],1561957129722,2019-07-01
01313339,Jimmy Chang,68747470733A2F2F7777772E6B6F6370632E636F6D2E74772F61726368697665732F323635363431,LINE 桌面版最新兩大隱藏功能：自動計算機、拖曳圖片或影片直接傳送給其他人（使用教學）,"['3CExpert_tw', 'tech_tw']","['3C達人', '科技']",[],['000001579D9FAE27000000126375706F795F72656C65617365494E464C55'],1561949704745,2019-07-01
01313339,Jimmy Chang,68747470733A2F2F7777772E6D616E61676572746F6461792E636F6D2E74772F61727469636C65732F766965772F3536313630,美國第一位億萬富豪！石油大王洛克斐勒：一個習慣，讓我事業、人生都成功 | 經理人,"['WhiteCollar_tw', 'business_tw']","['職場白領', '商業']",['career_tw'],['000001579E1B472D000000536375706F795F72656C65617365494E464C55'],1561950914658,2019-07-01
01313339,Jimmy Chang,68747470733A2F2F7777772E73746F726D2E6D672F61727469636C652F31343338333832,風評：郭臺銘養得起全臺灣六歲以下幼兒嗎？-風傳媒,"['InternationalFinance_tw', 'business_tw']","['國際財經', '商業']",[],['000001579E264F000000005D6375706F795F72656C65617365494E464C55'],1561948421004,2019-07-01
01313339,Jimmy Chang,68747470733A2F2F7777772E73746F726D2E6D672F61727469636C652F31343338383232,李忠謙專欄：解放軍未發展兩棲武力、也無力登陸攻擊臺灣？CNN分析中國武力犯臺，沒能說清楚的那些事-風傳媒,"['InternationalFinance_tw', 'business_tw']","['國際財經', '商業']",['CrossStrait_tw'],['0000015EC744F104000000036375706F795F72656C65617365494E464C55'],1561949978023,2019-07-01
D5E11132,林信懋,68747470733A2F2F7777772E73746F726D2E6D672F6C6966657374796C652F31343332313738,當全職家庭主婦，老公就可以完全不做家事？呂秋遠這樣建議陷入天人交戰的人妻-風傳媒,['empty'],['空的'],['empty'],['000001579DB7CFCC000000256375706F795F72656C65617365494E464C55'],1561951903773,2019-07-01
empty,空的,68747470733A2F2F7777772E7465636862616E672E636F6D2F706F7374732F37303338342D6D6F62696C652D70656E2D616E74692D74686566742D7472696C6F67792D746F2D70726576656E742D6970686F6E652D6C6F73732D73656C662D696E737572616E63652D73657474696E67732D6F70656E2D66696E642D6D792D6970686F6E652D6C6F636174696F6E2D7365617263682D72656D6F74652D70757267652D6970686F6E652D707269766163792D646174612D617574686F722D7368616F79756E3F75746D5F736F757263653D666565646275726E65722675746D5F6D656469756D3D666565642675746D5F63616D706169676E3D466565642533412B7465636862616E672B253238542545352541452541322545392538322541362B254536253943253830254536253936254230254536253936253837254537254142254130253239,iPhone防丟防竊3步驟、4技巧：除了尋找我的iPhone外，你還可以利用這些技巧保護你的手機資料 | T客邦,"['3CExpert_tw', 'tech_tw']","['3C達人', '科技']","['apple_tw', 'mobile_tw']",['000001579E2D053F000000696375706F795F72656C65617365494E464C55'],1561971093030,2019-07-01
D5E11132,林信懋,68747470733A2F2F7777772E7468656E6577736C656E732E636F6D2F61727469636C652F3131393736333F75746D5F736F757263653D666565646275726E65722675746D5F6D656469756D3D666565642675746D5F63616D706169676E3D466565642533412B5468654E6577734C656E732B2532385468652B4E6577732B4C656E732B254539253937253943254539253844254235254538254139253935254538254142253936254537254236254232253239,袁紹創業失敗的血淚教訓，帶給我們兩項啟示 - The News Lens 關鍵評論網,"['GamePlayer_tw', 'Game_tw', 'WhiteCollar_tw', 'business_tw', 'tech_tw']","['御宅學園', '遊戲', '職場白領', '商業', '科技']","['GameInformation_tw', 'startups_tw']",['000001579DB3697C000000216375706F795F72656C65617365494E464C55'],1561963645481,2019-07-01
D5E11132,林信懋,68747470733A2F2F7777772E7468656E6577736C656E732E636F6D2F61727469636C652F313230393033,我問了德國丈夫：我去見前夫你會不開心嗎？ - The News Lens 關鍵評論網,"['Babyhome_tw', 'Hedonism_tw', 'life_tw']","['親子家庭', '享樂女性', '生活']",['gender_tw'],['000001579DB3697C000000216375706F795F72656C65617365494E464C55'],1561952789307,2019-07-01
empty,空的,68747470733A2F2F62757A7A6F72616E67652E636F6D2F323031392F30372F30312F7265666C6563742D77616E672D7175616E2D7A68616E672D6F6E2D616761696E73742D6578747261646974696F6E2F,【連兒子說我愛你都無感】維權律師王全璋遭中國關押，消失四年後變「木頭人」 | BuzzOrange,['empty'],['空的'],['empty'],['000001579E0FA656000000456375706F795F72656C65617365494E464C55'],1562016649851,2019-07-02
empty,空的,68747470733A2F2F667265652E636F6D2E74772F73686F72742D75726C2D62726569732F3F75746D5F636F6E74656E743D62756666657263313861362675746D5F6D656469756D3D736F6369616C2675746D5F736F757263653D66616365626F6F6B2E636F6D2675746D5F63616D706169676E3D627566666572,Short URL 快速產生縮網址和 QR Code，自動複製到剪貼簿（Chrome）,"['3CExpert_tw', 'tech_tw']","['3C達人', '科技']",['GoogleZone_tw'],['000001579E1714A00000004C6375706F795F72656C65617365494E464C55'],1562026600641,2019-07-02
empty,空的,68747470733A2F2F70616E7363692E617369612F61726368697665732F313631393230,一切都從海圖開始！大型手繪地圖的演變與商機——《獻給國王的世界》下 - PanSci 泛科學,['empty'],['空的'],['empty'],['00000154CD37EC30000000056261636B656E645F6C6F63616C494E464C55'],1562057879195,2019-07-02
empty,空的,68747470733A2F2F7777772E7468656E6577736C656E732E636F6D2F61727469636C652F313231303633,《親愛的艾倫》：給異性戀的問答集——如何禮貌地稱呼同性戀者的另一半？ - The News Lens 關鍵評論網,['empty'],['空的'],['empty'],['000001579DB3697C000000216375706F795F72656C65617365494E464C55'],1562057722973,2019-07-02
empty,空的,68747470733A2F2F7777772E7468656E6577736C656E732E636F6D2F61727469636C652F313231313733,《聰明國度》：學校想把日本女孩教育成什麼樣？她們笑著回答：「機器人」 - The News Lens 關鍵評論網,['empty'],['空的'],['empty'],['000001579DB3697C000000216375706F795F72656C65617365494E464C55'],1562057752756,2019-07-02
01313339,Jimmy Chang,68747470733A2F2F626C6F672E6D6F6E6579646A2E636F6D2F6E6577732F323031392F30372F30322F2565392538372539312565382539652538642565362561352561642565392539642539652565342562382562622565372561652561312565352562392562332565352539642538372565382539362561612565382562332538372565362539622539642565352538352538392565662562632538632565392538372539312565372561652561312565362539632538332565392539372539632565362562332561382D392D2565352561652562362565382539362561612565392538352562382F616D702F,金融業非主管平均薪資曝光，金管會關注 9 家薪酸企業 | MoneyDJ新聞摘錄,"['WhiteCollar_tw', 'business_tw']","['職場白領', '商業']","['career_tw', 'management_tw']",['00000162CCACB1D7000000026375706F795F72656C65617365494E464C55'],1562129115842,2019-07-03
01313339,Jimmy Chang,68747470733A2F2F62757A7A6F72616E67652E636F6D2F323031392F30372F30322F696E746572766965772D776974682D6A6F736875612D776F6E672D696E2D686B2F,【報橘人物】專訪香港社運領袖黃之鋒：如果樑振英是港獨之父，林鄭月娥就是「臺獨之母」 | BuzzOrange,['empty'],['空的'],['empty'],['000001579E0FA656000000456375706F795F72656C65617365494E464C55'],1562124293699,2019-07-03
01313339,Jimmy Chang,68747470733A2F2F636173652E6E74752E6564752E74772F626C6F672F3F703D3334323037,單位革新：重新定義公斤,"['InternationalFinance_tw', 'business_tw', 'tech_tw']","['國際財經', '商業', '科技']",['international_tw'],['000001627549E3FF000000066375706F795F72656C65617365494E464C55'],1562129110572,2019-07-03
C3411361,張天陽,68747470733A2F2F6368696E6573652E656E6761646765742E636F6D2F323031392F30372F30322F6D6963726F736F66742D7465617365722D77696E646F77732D312D302F,時光倒流？微軟想要發佈「全新」 Windows 1.0 系統,['empty'],['空的'],['empty'],['000001579D7E5CCB000000036375706F795F72656C65617365494E464C55'],1562146361149,2019-07-03
01313339,Jimmy Chang,68747470733A2F2F636E2E6E7974696D65732E636F6D2F6D6F726E696E672D62726965662F32303139303730332F686F6E672D6B6F6E672D70726F746573746F72732D78696E6A69616E672D6170702F7A682D68616E742F3F75746D5F736F757263653D525353,簡報：中國政府譴責香港抗議者；揭祕新疆警務監控程序 - 紐約時報中文網,"['InternationalFinance_tw', 'business_tw']","['國際財經', '商業']",['international_tw'],['0000015499D75EB50000000A6261636B656E645F6C6F63616C494E464C55'],1562129031273,2019-07-03
empty,空的,68747470733A2F2F63726F7373696E672E63772E636F6D2E74772F626C6F67546F7069632E616374696F6E3F69643D31323236266E69643D31313437322675746D5F736F757263653D66625F63726F7373696E672675746D5F6D656469756D3D736F6369616C2675746D5F63616D706169676E3D66625F63726F7373696E672D736F6369616C2D6461696C795F7265706F7374,公務體系打滾 20 年，為何我不建議你當公務員？ ｜ 鄭匡宇／讀者投書 ｜ 換日線 Crossing,['empty'],['空的'],['empty'],['0000015499CE1BE5000000036261636B656E645F6C6F63616C494E464C55'],1562157781454,2019-07-03
01313339,Jimmy Chang,68747470733A2F2F63726F7373696E672E63772E636F6D2E74772F626C6F67546F7069632E616374696F6E3F69643D353335266E69643D31313934302675746D5F736F757263653D66625F63726F7373696E672675746D5F6D656469756D3D736F6369616C2675746D5F63616D706169676E3D66625F63726F7373696E672D736F6369616C2D66616365626F6F6B5F6461696C79,我在克羅埃西亞翻垃圾桶：完整的牛奶、優格、餅乾──幾乎沒有一樣是過期的 ｜ 楊宗翰／空屋筆記 ｜ 換日線 Crossing,['empty'],['空的'],['empty'],['0000015499CE1BE5000000036261636B656E645F6C6F63616C494E464C55'],1562124284423,2019-07-03
01313339,Jimmy Chang,68747470733A2F2F63776170702E6170702E6C696E6B2F456C5345424B43345958,東京攝影作家：我能做的，就是告訴全世界臺灣的美！｜時尚生活｜旅行｜2019-05-31｜時報出版｜天下雜誌,"['GamePlayer_tw', 'Hipster_tw', 'life_tw']","['御宅學園', '文青聚落', '生活']",['photography_tw'],['0000015499CE1BE5000000036261636B656E645F6C6F63616C494E464C55'],1562124305101,2019-07-03
empty,空的,68747470733A2F2F657A33632E74772F37343534,【限時免費】 Mister Battery 充電測試，你買的快充真的是快充嗎？ :: 哇哇3C日誌,"['3CExpert_tw', 'tech_tw']","['3C達人', '科技']",['3c_tw'],['0000015AD6099BB8000000036375706F795F72656C65617365494E464C55'],1562144145427,2019-07-03
01313339,Jimmy Chang,68747470733A2F2F667265652E636F6D2E74772F6D696B75746F6F6C732F3F75746D5F636F6E74656E743D62756666657232343161392675746D5F6D656469756D3D736F6369616C2675746D5F736F757263653D66616365626F6F6B2E636F6D2675746D5F63616D706169676E3D627566666572,MikuTools 免費工具集合，影片下載、匯率查詢和產生器等一應俱全,"['3CExpert_tw', 'tech_tw']","['3C達人', '科技']",[],['000001579E1714A00000004C6375706F795F72656C65617365494E464C55'],1562124313793,2019-07-03
01313339,Jimmy Chang,68747470733A2F2F6865616C7468796C697665732E74772F61727469636C652F32355474646D5A4E3175502E68746D6C3F7569643D32323038,趕快看！出現這六種「大便形狀」，表示「腸道」正在土崩瓦解！吃,"['Babyhome_tw', 'Fitness_tw', 'Hedonism_tw', 'life_tw']","['親子家庭', '健身瘦身', '享樂女性', '生活']",['health_tw'],['0000015C82521EFA000000046375706F795F72656C65617365494E464C55'],1562128880245,2019-07-03
01313339,Jimmy Chang,68747470733A2F2F6865616C7468796C697665732E74772F61727469636C652F36587167726B6B467153432E68746D6C3F7569643D32323038,年紀增長，胸部越來越垂，而且本來就平胸！沒想到「這一招」出現,"['Babyhome_tw', 'Fitness_tw', 'Hedonism_tw', 'life_tw']","['親子家庭', '健身瘦身', '享樂女性', '生活']",['health_tw'],['0000015C82521EFA000000046375706F795F72656C65617365494E464C55'],1562124398092,2019-07-03
01313339,Jimmy Chang,68747470733A2F2F6865616C7468796C697665732E74772F61727469636C652F4762594A345554757970792E68746D6C3F7569643D32323038,小腹凸都是「宿便」惹的禍！「八種暢通腸道飲食法」：一次清空腸,"['Babyhome_tw', 'Fitness_tw', 'Hedonism_tw', 'life_tw']","['親子家庭', '健身瘦身', '享樂女性', '生活']",['health_tw'],['0000015C82521EFA000000046375706F795F72656C65617365494E464C55'],1562129153585,2019-07-03
01313339,Jimmy Chang,68747470733A2F2F6865616C7468796C697665732E74772F61727469636C652F4B7938384C564D755363522E68746D6C,臺灣大腸癌居冠不是沒原因的！泡菜、味增等這些食物千萬別多吃！,"['Babyhome_tw', 'Fitness_tw', 'Hedonism_tw', 'life_tw']","['親子家庭', '健身瘦身', '享樂女性', '生活']",['health_tw'],['0000015C82521EFA000000046375706F795F72656C65617365494E464C55'],1562129197048,2019-07-03
C3411361,張天陽,68747470733A2F2F6865616C7468796C697665732E74772F61727469636C652F4B7938384C564D755363522E68746D6C,臺灣大腸癌居冠不是沒原因的！泡菜、味增等這些食物千萬別多吃！,"['Babyhome_tw', 'Fitness_tw', 'Hedonism_tw', 'life_tw']","['親子家庭', '健身瘦身', '享樂女性', '生活']",['health_tw'],['0000015C82521EFA000000046375706F795F72656C65617365494E464C55'],1562145486137,2019-07-03
01313339,Jimmy Chang,68747470733A2F2F6865616C7468796C697665732E74772F61727469636C652F586755455332565759355A2E68746D6C3F7569643D32323038,眼睛時常乾澀甚至視線模糊？「乾眼症」一但發作無法根治，出現這,"['Babyhome_tw', 'Fitness_tw', 'Hedonism_tw', 'life_tw']","['親子家庭', '健身瘦身', '享樂女性', '生活']",['health_tw'],['0000015C82521EFA000000046375706F795F72656C65617365494E464C55'],1562129166074,2019-07-03
01313339,Jimmy Chang,68747470733A2F2F6865616C7468796C697665732E74772F61727469636C652F68716356784D73637836482E68746D6C3F7569643D32323038,「金針菇」這樣吃，輕則中毒、重則腎衰竭！「3種錯誤吃法」一定,"['Babyhome_tw', 'Fitness_tw', 'Hedonism_tw', 'life_tw']","['親子家庭', '健身瘦身', '享樂女性', '生活']",['health_tw'],['0000015C82521EFA000000046375706F795F72656C65617365494E464C55'],1562129103200,2019-07-03
01313339,Jimmy Chang,68747470733A2F2F6865616C7468796C697665732E74772F61727469636C652F6F6F354D4E6949587163742E68746D6C3F7569643D32323038,「腎結石」從口入！「6大食物」越吃石頭越多，不處理恐嚴重感染,"['Babyhome_tw', 'Fitness_tw', 'Hedonism_tw', 'life_tw']","['親子家庭', '健身瘦身', '享樂女性', '生活']",['health_tw'],['0000015C82521EFA000000046375706F795F72656C65617365494E464C55'],1562129145470,2019-07-03
01313339,Jimmy Chang,68747470733A2F2F6865616C7468796C697665732E74772F61727469636C652F7A48477278567832416D792E68746D6C3F7569643D32323038,中西醫齊打臉！自行「放血救中風」等同放掉「活命機會」！「四口,"['Babyhome_tw', 'Fitness_tw', 'Hedonism_tw', 'life_tw']","['親子家庭', '健身瘦身', '享樂女性', '生活']",['health_tw'],['0000015C82521EFA000000046375706F795F72656C65617365494E464C55'],1562129135908,2019-07-03
01313339,Jimmy Chang,68747470733A2F2F746563686E6577732E74772F323031392F30372F30322F74686572616E6F732D666F756E6465722D666163652D747269616C2D6E6578742D796561722F3F75746D5F736F757263653D66625F746E2675746D5F6D656469756D3D66616365626F6F6B,「一滴血」的代價：Theranos 創辦人明年接受審判，刑期最高達 20 年 | TechNews 科技新報,"['3CExpert_tw', 'tech_tw']","['3C達人', '科技']",[],['000001579E025C270000003D6375706F795F72656C65617365494E464C55'],1562123628603,2019-07-03
empty,空的,68747470733A2F2F746563686E6577732E74772F323031392F30372F30322F74686572616E6F732D666F756E6465722D666163652D747269616C2D6E6578742D796561722F3F75746D5F736F757263653D66625F746E2675746D5F6D656469756D3D66616365626F6F6B,「一滴血」的代價：Theranos 創辦人明年接受審判，刑期最高達 20 年 | TechNews 科技新報,"['3CExpert_tw', 'tech_tw']","['3C達人', '科技']",[],['000001579E025C270000003D6375706F795F72656C65617365494E464C55'],1562117818174,2019-07-03
empty,空的,68747470733A2F2F7777772E626C6F636B74656D706F2E636F6D2F62696E616E63652D69732D6C61756368696E672D6974732D626974636F696E2D6675747572652F,幣安（Binance）交易所宣佈將推出「期貨交易」功能：槓桿率最高 20 倍 | BlockTempo 動區動趨,['tech_tw'],['科技'],['BlockChain_tw'],['00000160DA02BCAB000000016375706F795F72656C65617365494E464C55'],1562127753866,2019-07-03
01313339,Jimmy Chang,68747470733A2F2F7777772E636D6D656469612E636F6D2E74772F686F6D652F61727469636C65732F3136333135,美國不徵收新關稅 外商會停下撤離中國的腳步？ | 信傳媒,['business_tw'],['商業'],[],['0000015DDE74FF85000000026375706F795F72656C65617365494E464C55'],1562129025001,2019-07-03
01313339,Jimmy Chang,68747470733A2F2F7777772E636D6D656469612E636F6D2E74772F686F6D652F61727469636C65732F3136333230,美國情報授權法首次承認中國干涉臺灣選舉 將助臺灣防止外力幹預 | 信傳媒,"['InternationalFinance_tw', 'business_tw']","['國際財經', '商業']",['international_tw'],['0000015DDE74FF85000000026375706F795F72656C65617365494E464C55'],1562124357052,2019-07-03
01313339,Jimmy Chang,68747470733A2F2F7777772E63772E636F6D2E74772F61727469636C652F61727469636C652E616374696F6E3F69643D353039333330362675746D5F63616D706169676E3D66625F63772D736F6369616C2D6461696C792675746D5F6D656469756D3D736F6369616C2675746D5F736F757263653D66625F6377,一生沒打過兒女的爸爸，那天困獸般地踢了我的膝蓋｜健康關係｜健康醫療｜2018-12-17｜時報出版｜天下雜誌,['empty'],['空的'],['empty'],['00000162CCA9293D000000016375706F795F72656C65617365494E464C55'],1562133081890,2019-07-03
01313339,Jimmy Chang,68747470733A2F2F7777772E63772E636F6D2E74772F61727469636C652F61727469636C652E616374696F6E3F69643D353039343938352674656D706C6174653D7472616E73666F726D6572732675746D5F63616D706169676E3D66625F63772D736F6369616C2D6461696C792675746D5F6D656469756D3D736F6369616C2675746D5F736F757263653D66625F6377,電動車不夠酷！德國「氫燃料網」有多厲害，還吸引中國投資？｜企業突圍｜數位轉型｜2019-04-30｜即時｜天下雜誌,"['WhiteCollar_tw', 'business_tw']","['職場白領', '商業']",['FinancialManagement_tw'],['00000162CCA9293D000000016375706F795F72656C65617365494E464C55'],1562124375698,2019-07-03
01313339,Jimmy Chang,68747470733A2F2F7777772E65766572796461796865616C74682E636F6D2E74772F61727469636C652F3232303230,咳嗽拖超久？原來是黴菌致肺炎！吹冷氣多1步最重要 |早安健康,"['Babyhome_tw', 'Fitness_tw', 'Hedonism_tw', 'life_tw']","['親子家庭', '健身瘦身', '享樂女性', '生活']",['health_tw'],['0000015AF52C06BB000000046375706F795F72656C65617365494E464C55'],1562124432019,2019-07-03
C3411361,張天陽,68747470733A2F2F7777772E696E736964652E636F6D2E74772F61727469636C652F31363738382D66616365626F6F6B2D6C696272612D63616C696272612D63727970746F2D6D6178696E652D7761746572732D636F6E67726573732D726567756C6174696F6E2D696E7665737469676174696F6E2D68616C74,美國國會正式發函 Facebook，要求暫停臉書幣 Libra 開發 - INSIDE,['empty'],['空的'],['empty'],"['000001522EC63532000000016261636B656E645F6C6F63616C494E464C55', '000001545C117F5E000000036261636B656E645F6C6F63616C494E464C55', '000001579DB3697C000000216375706F795F72656C65617365494E464C55']",1562137359501,2019-07-03
empty,空的,68747470733A2F2F7777772E696E736964652E636F6D2E74772F61727469636C652F31363738392D696E7374616772616D2D6E65772D66656174757265,用 Instagram 開聊天室！限時動態貼圖新功能 - INSIDE,['tech_tw'],['科技'],['cloud_services_tw'],['000001522EC63532000000016261636B656E645F6C6F63616C494E464C55'],1562149214751,2019-07-03
empty,空的,68747470733A2F2F7777772E6974686F6D652E636F6D2E74772F6E6577732F313331363235,Google將推動REP成為正式標準，開源robots.txt解析器 | iThome,['empty'],['空的'],['empty'],['000001579E138131000000476375706F795F72656C65617365494E464C55'],1562129357840,2019-07-03
empty,空的,68747470733A2F2F7777772E6974686F6D652E636F6D2E74772F6E6577732F313331363235,Google將推動REP成為正式標準，開源robots.txt解析器 | iThome,['empty'],['空的'],['empty'],['000001579E138131000000476375706F795F72656C65617365494E464C55'],1562130068287,2019-07-03
01313339,Jimmy Chang,68747470733A2F2F7777772E6E65776D6F62696C656C6966652E636F6D2F323031392F30372F30332F6972656E652D696F732D63616D2D322D322D322F,韓國 App Store 冠軍相機 App！小清新最愛《 艾琳 Irene 》旅行相機再次限免！ - New MobileLife 流動日報,"['3CExpert_tw', 'tech_tw']","['3C達人', '科技']",['app_tw'],"['00000152A6D17D2B000000086261636B656E645F6C6F63616C494E464C55', '00000157C1EBFDE3000000016375706F795F72656C65617365494E464C55']",1562124054848,2019-07-03
01313339,Jimmy Chang,68747470733A2F2F7777772E6E65776D6F62696C656C6966652E636F6D2F323031392F30372F30332F6D6163626F6F6B70726F2D31332D333267622D72616D2F,神祕的 MacBook Pro 13 吋特別版曝光 - New MobileLife 流動日報,"['3CExpert_tw', 'tech_tw']","['3C達人', '科技']","['apple_tw', 'notebook_tw']","['00000152A6D17D2B000000086261636B656E645F6C6F63616C494E464C55', '00000157C1EBFDE3000000016375706F795F72656C65617365494E464C55']",1562124061662,2019-07-03
01313339,Jimmy Chang,68747470733A2F2F7777772E70726F6A65637475702E6E65742F61727469636C652F766965772F69642F3136353832,吉高由裏子教我的專案管理：免費的加班，造成更多隱形成本！ - 專案管理生活思維,"['WhiteCollar_tw', 'business_tw']","['職場白領', '商業']","['career_tw', 'management_tw']","['000001579E0EAEF0000000446375706F795F72656C65617365494E464C55', '00000162CCBB06EA000000086375706F795F72656C65617365494E464C55']",1562123622914,2019-07-03
01313339,Jimmy Chang,68747470733A2F2F7777772E736179646967692E636F6D2F323031392F30372F3434343030312E68746D6C,軍規等級 可靠耐用又可180度翻轉的商用筆電 ASUSPRO P3540 開箱 - SayDigi | 點子生活,['tech_tw'],['科技'],['info_security_tw'],['00000152582BBCF9000000016261636B656E645F6C6F63616C494E464C55'],1562124463702,2019-07-03
01313339,Jimmy Chang,68747470733A2F2F7777772E7465636862616E672E636F6D2F706F7374732F37313233322D68702D756E7665696C732D6E65772D68702D736D6172742D74616E6B2D636F6E74696E756F75732D696E6B2D62617365642D7072696E742D7461626C652D6D616368696E652D746F2D6D6565742D7072696E74696E672D6E656564732D666F722D736F686F2D66616D696C792D616E642D686F6D652D75736572733F75746D5F736F757263653D666565646275726E65722675746D5F6D656469756D3D666565642675746D5F63616D706169676E3D466565642533412B7465636862616E672B253238542545352541452541322545392538322541362B254536253943253830254536253936254230254536253936253837254537254142254130253239,惠普發表全新 HP Smart Tank 連續供墨系列印表機，為 SOHO 族及家庭用戶滿足列印需求 | T客邦,"['3CExpert_tw', 'tech_tw']","['3C達人', '科技']",[],['000001579E2D053F000000696375706F795F72656C65617365494E464C55'],1562123994285,2019-07-03
01313339,Jimmy Chang,68747470733A2F2F7777772E7468656E6577736C656E732E636F6D2F61727469636C652F3132313439333F75746D5F736F757263653D666565646275726E65722675746D5F6D656469756D3D666565642675746D5F63616D706169676E3D466565642533412B5468654E6577734C656E732B2532385468652B4E6577732B4C656E732B254539253937253943254539253844254235254538254139253935254538254142253936254537254236254232253239,月薪不到5萬不要儲蓄？從企業「自由現金流」運用探討背後思路 - The News Lens 關鍵評論網,"['WhiteCollar_tw', 'business_tw']","['職場白領', '商業']","['FinancialManagement_tw', 'career_tw', 'management_tw']",['000001579DB3697C000000216375706F795F72656C65617365494E464C55'],1562123957577,2019-07-03
0000014B295F9E46,gray,68747470733A2F2F7777772E696E736964652E636F6D2E74772F61727469636C652F31363830362D706F6B652D62616C6C2D656173792D63617264,原價 350 網轉賣飆到 9999！寶可夢悠遊卡秒售罄 - INSIDE,"['GamePlayer_tw', 'Game_tw', 'WhiteCollar_tw', 'business_tw']","['御宅學園', '遊戲', '職場白領', '商業']","['GameInformation_tw', 'career_tw']",['000001522EC63532000000016261636B656E645F6C6F63616C494E464C55'],1562228936339,2019-07-04
0000014B295F9E46,gray,68747470733A2F2F7777772E6E65776D6F62696C656C6966652E636F6D2F323031392F30372F30342F6970686F6E652D697061642D616E64726F69642D667265652D6170702D746F74616C2D70617274792D6B696C6C2F,能犧牲的隊友才是好隊友　惡趣味闖關《Total Party Kill》免費上架 - New MobileLife 流動日報,"['3CExpert_tw', 'tech_tw']","['3C達人', '科技']",['app_tw'],"['00000152A6D17D2B000000086261636B656E645F6C6F63616C494E464C55', '00000157C1EBFDE3000000016375706F795F72656C65617365494E464C55']",1562229198738,2019-07-04
empty,空的,68747470733A2F2F7777772E7465636862616E672E636F6D2F706F7374732F37313231302D7265616C6D652D332D666F723F75746D5F736F757263653D666565646275726E65722675746D5F6D656469756D3D666565642675746D5F63616D706169676E3D466565642533412B7465636862616E672B253238542545352541452541322545392538322541362B254536253943253830254536253936254230254536253936253837254537254142254130253239,挑戰年度最高 CP 值手機，拍照、效能、續航皆到位的中高階 realme 3 pro 動手玩 | T客邦,"['3CExpert_tw', 'GamePlayer_tw', 'Hipster_tw', 'life_tw', 'tech_tw']","['3C達人', '御宅學園', '文青聚落', '生活', '科技']","['mobile_tw', 'photography_tw']",['000001579E2D053F000000696375706F795F72656C65617365494E464C55'],1562229463000,2019-07-04
0000014B295F9E46,gray,68747470733A2F2F7777772E7465636862616E672E636F6D2F706F7374732F37313235332D746F2D7472656E642D746563686E6F6C6F67792D746F2D6869742D656C6563747269632D66696C6D2D73686F72742D66696C6D2D6D6F6E74686C792D73616C6172792D746F2D7365652D3130303030302D746869732D79656172732D6D6F73742D636F6F6C2D73756D6D65722D6A6F622D66726F6D2D6E6F772D6F6E2D6F70656E2D6F6E6C696E652D726567697374726174696F6E2D6E6F742D717569636B2D616374696F6E3F75746D5F736F757263653D666565646275726E65722675746D5F6D656469756D3D666565642675746D5F63616D706169676E3D466565642533412B7465636862616E672B253238542545352541452541322545392538322541362B254536253943253830254536253936254230254536253936253837254537254142254130253239,趨勢科技宣佈推出「最爽暑假打工」計畫，打電動、拍短片，月薪上看10萬！ | T客邦,"['3CExpert_tw', 'tech_tw']","['3C達人', '科技']",[],['000001579E2D053F000000696375706F795F72656C65617365494E464C55'],1562229061040,2019-07-04
A4910200,CUPOY,687474703A2F2F33736D61726B65742D696E666F2E626C6F6773706F742E636F6D2F323031392F30372F61692D33642E68746D6C3F75746D5F736F757263653D666565646275726E65722675746D5F6D656469756D3D666565642675746D5F63616D706169676E3D466565642533412B33734D61726B6574426C6F672B25323833532B4D61726B65742B426C6F672B254535254146254236254535254233254236254535254145253839254536253845254137254535254238253832254535254130254234254538254233253837254538254138253841254537254236254232253239,．AI 深度（續）– 3D 人臉辨識和雙目結構光慣導 - 3S Market「全球智慧科技應用」市場資訊網,['tech_tw'],['科技'],['robot_tw'],['000001690A4A9B26000000056375706F795F72656C65617365494E464C55'],1562234465910,2019-07-04
A4910200,CUPOY,687474703A2F2F33736D61726B65742D696E666F2E626C6F6773706F742E636F6D2F323031392F30372F626C6F672D706F73745F312E68746D6C3F75746D5F736F757263653D666565646275726E65722675746D5F6D656469756D3D666565642675746D5F63616D706169676E3D466565642533412B33734D61726B6574426C6F672B25323833532B4D61726B65742B426C6F672B254535254146254236254535254233254236254535254145253839254536253845254137254535254238253832254535254130254234254538254233253837254538254138253841254537254236254232253239,．數位農業：物聯網、大數據的下一個大商機 - 3S Market「全球智慧科技應用」市場資訊網,['tech_tw'],['科技'],"['IoT_TW', 'robot_tw']",['000001690A4A9B26000000056375706F795F72656C65617365494E464C55'],1562234503935,2019-07-04
A4910200,CUPOY,687474703A2F2F33736D61726B65742D696E666F2E626C6F6773706F742E636F6D2F323031392F30372F676F6F676C652D736F6E677A612E68746D6C3F75746D5F736F757263653D666565646275726E65722675746D5F6D656469756D3D666565642675746D5F63616D706169676E3D466565642533412B33734D61726B6574426C6F672B25323833532B4D61726B65742B426C6F672B254535254146254236254535254233254236254535254145253839254536253845254137254535254238253832254535254130254234254538254233253837254538254138253841254537254236254232253239,‧ Google 收購 Songza，買的是人工推薦 - 3S Market「全球智慧科技應用」市場資訊網,['tech_tw'],['科技'],['robot_tw'],['000001690A4A9B26000000056375706F795F72656C65617365494E464C55'],1562233608553,2019-07-04
A4910200,CUPOY,687474703A2F2F33736D61726B65742D696E666F2E626C6F6773706F742E636F6D2F323031392F30372F676F6F676C652D736F6E677A612E68746D6C3F75746D5F736F757263653D666565646275726E65722675746D5F6D656469756D3D666565642675746D5F63616D706169676E3D466565642533412B33734D61726B6574426C6F672B25323833532B4D61726B65742B426C6F672B254535254146254236254535254233254236254535254145253839254536253845254137254535254238253832254535254130254234254538254233253837254538254138253841254537254236254232253239,‧ Google 收購 Songza，買的是人工推薦 - 3S Market「全球智慧科技應用」市場資訊網,['tech_tw'],['科技'],['robot_tw'],['000001690A4A9B26000000056375706F795F72656C65617365494E464C55'],1562233639930,2019-07-04
A4910200,CUPOY,687474703A2F2F33736D61726B65742D696E666F2E626C6F6773706F742E636F6D2F323031392F30372F6770752E68746D6C3F75746D5F736F757263653D666565646275726E65722675746D5F6D656469756D3D666565642675746D5F63616D706169676E3D466565642533412B33734D61726B6574426C6F672B25323833532B4D61726B65742B426C6F672B254535254146254236254535254233254236254535254145253839254536253845254137254535254238253832254535254130254234254538254233253837254538254138253841254537254236254232253239,．GPU 後端深度學習主流晶片 對岸已有多個替代方案 - 3S Market「全球智慧科技應用」市場資訊網,['tech_tw'],['科技'],['robot_tw'],['000001690A4A9B26000000056375706F795F72656C65617365494E464C55'],1562233552045,2019-07-04
01313339,Jimmy Chang,687474703A2F2F736D6172742E627573696E6573737765656B6C792E636F6D2E74772F52656164696E672F57656241727469636C652E617370783F69643D3639363431,"年輕人愛買儲蓄險？ - Smart自學網 - 財經好讀 - 股票 - 達人開講 - (退休金,儲蓄險,臺灣高齡社會退休生態觀察指標)","['InternationalFinance_tw', 'WhiteCollar_tw', 'business_tw']","['國際財經', '職場白領', '商業']","['FinancialManagement_tw', 'finance_tw']",['0000016339E10402000000036375706F795F72656C65617365494E464C55'],1562204599452,2019-07-04
01313339,Jimmy Chang,687474703A2F2F736D6172742E627573696E6573737765656B6C792E636F6D2E74772F52656164696E672F57656241727469636C652E617370783F69643D3639363530,"股債平衡配置　安心累積資產 - Smart自學網 - 財經好讀 - 股票 - 股票投資術 - (怪老子,中美貿易戰,怪老子的簡單理財課——不必死命存，一樣變有錢,複利達人)","['InternationalFinance_tw', 'WhiteCollar_tw', 'business_tw']","['國際財經', '職場白領', '商業']","['FinancialManagement_tw', 'finance_tw']",['0000016339E10402000000036375706F795F72656C65617365494E464C55'],1562204671663,2019-07-04
01313339,Jimmy Chang,68747470733A2F2F62757A7A6F72616E67652E636F6D2F323031392F30372F30322F686F6E672D6B6F6E6765722D6861642D6E6F2D636C75652D6F662D74616977616E6573652D392D322F,【港人半夜四點 PTT 貼文問卦】為何臺灣 9.2 很愛中華民國不想被共產黨統治，卻支持 92 共識？ | BuzzOrange,"['InternationalFinance_tw', 'business_tw']","['國際財經', '商業']",['CrossStrait_tw'],['000001579E0FA656000000456375706F795F72656C65617365494E464C55'],1562205101304,2019-07-04
01313339,Jimmy Chang,68747470733A2F2F62757A7A6F72616E67652E636F6D2F323031392F30372F30322F776861742D69732D62652D77617465722D696E2D686F6E672D6B6F6E672F,【港版太陽花怎麼只維持 1 天】攻佔立法會 3 小時就退，香港人如何互傳「be water」簡訊對付港府 | BuzzOrange,"['InternationalFinance_tw', 'business_tw']","['國際財經', '商業']","['CrossStrait_tw', 'international_tw']",['000001579E0FA656000000456375706F795F72656C65617365494E464C55'],1562204967055,2019-07-04
empty,空的,68747470733A2F2F62757A7A6F72616E67652E636F6D2F746563686F72616E67652F323031392F30372F30332F61692D7175616472616E742F,AI 懶人包：四大象限圖搞懂 2019 AI 擅長與不擅長領域 | TechOrange,['tech_tw'],['科技'],['robot_tw'],['000001579961E1D4000000016375706F795F72656C65617365494E464C55'],1562171132091,2019-07-04
01313339,Jimmy Chang,68747470733A2F2F636E2E6E7974696D65732E636F6D2F6368696E612F32303139303730322F686F6E672D6B6F6E672D6368696E612D70726F74657374732F7A682D68616E742F,為什麼許多中國人反對香港的抗議活動？ - 紐約時報中文網,"['InternationalFinance_tw', 'business_tw']","['國際財經', '商業']",['international_tw'],"['0000015499D75EB50000000A6261636B656E645F6C6F63616C494E464C55', '00000155B9E1BB0B0000001261646D696E5F70726572656C65617365494E464C55']",1562206241208,2019-07-04
01313339,Jimmy Chang,68747470733A2F2F6E6577732E636E7965732E636F6D2F6E6577732F69642F343238393933333F75746D5F736F757263653D666266616E2675746D5F6D656469756D3D6E6577732675746D5F63616D706169676E3D3230313930333137,別太衝動 在市場中過度波段操作往往得不償失 | 鉅亨網 - 美股,"['InternationalFinance_tw', 'WhiteCollar_tw', 'business_tw']","['國際財經', '職場白領', '商業']","['FinancialManagement_tw', 'finance_tw']",['0000015499D7ACED0000000B6261636B656E645F6C6F63616C494E464C55'],1562206565826,2019-07-04
01313339,Jimmy Chang,68747470733A2F2F6E6577732E686F75736566756E2E636F6D2E74772F6E6577732F61727469636C652F3130393436333233313934332E68746D6C3F75746D5F736F757263653D66616E732D706167652E66616365626F6F6B2E636F6D2675746D5F6D656469756D3D726566657272616C2675746D5F636F6E74656E743D6F686F75736566756E2675746D5F63616D706169676E3D6E6F726D616C5F6E657773,臺商迴流拉擡房市？他拿數據曝利多真相 | 好房網News,"['InternationalFinance_tw', 'business_tw']","['國際財經', '商業']",['estate_tw'],['0000015529B7290D0000000161646D696E5F70726572656C65617365494E464C55'],1562204828467,2019-07-04
empty,空的,68747470733A2F2F6E6F6D6D6167617A696E652E636F6D2FE4BBA52D61692DE695B8E6939AE58886E69E90E682A8E79A84E591B3E8A6BAEFBC8CE591BDE4B8ADE5A5BDE6BB8BE591B32F,以 AI 數據分析您的味覺，命中好滋味 - NOM Magazine,"['CityTour_tw', 'Hedonism_tw', 'life_tw', 'tech_tw']","['城市食旅', '享樂女性', '生活', '科技']","['PopularDelicacy_tw', 'robot_tw']",['00000158DC7A783D000000016375706F795F72656C65617365494E464C55'],1562171050063,2019-07-04
A4910200,CUPOY,68747470733A2F2F746563686E6577732E74772F323031392F30362F32392F67726F77696E672D6265747465722D73696E676C652D6372797374616C732D776974682D7468652D68656C702D6F662D6D616368696E652D6C6561726E696E672F3F75746D5F736F757263653D66625F746E2675746D5F6D656469756D3D66616365626F6F6B,半導體材料製造效率再提升的機會，有可能來自機器學習 | TechNews 科技新報,"['3CExpert_tw', 'tech_tw']","['3C達人', '科技']",['robot_tw'],['000001579E025C270000003D6375706F795F72656C65617365494E464C55'],1562234674044,2019-07-04
empty,空的,68747470733A2F2F746563686E6577732E74772F323031392F30372F30332F6D616E792D6970686F6E652D757365722D646F6E742D7265636F676E697A652D6D6F62696C652D747970652F3F75746D5F736F757263653D66625F746E2675746D5F6D656469756D3D66616365626F6F6B,調查發現，很多使用者根本搞不清自己 iPhone 型號與功能 | TechNews 科技新報,"['3CExpert_tw', 'tech_tw']","['3C達人', '科技']",['apple_tw'],['000001579E025C270000003D6375706F795F72656C65617365494E464C55'],1562171033763,2019-07-04
01313339,Jimmy Chang,68747470733A2F2F7765616C74682E627573696E6573737765656B6C792E636F6D2E74772F4741727469636C652E617370783F69643D4152544C303030313337393831,外商銀行主管找到巴菲特30年未變「選股的祕密」，離職專職投資年化報酬率13%！-財經好讀-精彩書摘-商周財富網,"['InternationalFinance_tw', 'WhiteCollar_tw', 'business_tw']","['國際財經', '職場白領', '商業']","['FinancialManagement_tw', 'finance_tw']",['0000016339D980ED000000026375706F795F72656C65617365494E464C55'],1562206610016,2019-07-04
01313339,Jimmy Chang,68747470733A2F2F7765616C74682E627573696E6573737765656B6C792E636F6D2E74772F4741727469636C652E617370783F69643D4152544C303030313434323538,30歲警官靠美股提早退休，年領120萬股利！-財經好讀-精彩書摘-商周財富網,"['InternationalFinance_tw', 'WhiteCollar_tw', 'business_tw']","['國際財經', '職場白領', '商業']","['FinancialManagement_tw', 'career_tw', 'finance_tw']",['0000016339D980ED000000026375706F795F72656C65617365494E464C55'],1562206046109,2019-07-04
01313339,Jimmy Chang,68747470733A2F2F7765616C74682E627573696E6573737765656B6C792E636F6D2E74772F6D2F4741727469636C652E617370783F69643D4152544C3030303036393836352675746D5F736F757263653D66616365626F6F6B2E636F6D2675746D5F6D656469756D3D736F6369616C2675746D5F636F6E74656E743D7765616C74682675746D5F63616D706169676E3D636F6E74656E74,錢與人生》她為了留英和男友分手...回臺灣後只領28K，男友卻已存夠錢準備娶別人-財經好讀-存款-商周財富網,"['InternationalFinance_tw', 'WhiteCollar_tw', 'business_tw']","['國際財經', '職場白領', '商業']","['FinancialManagement_tw', 'finance_tw']",['0000016339D980ED000000026375706F795F72656C65617365494E464C55'],1562204819832,2019-07-04
A4910200,CUPOY,68747470733A2F2F7777772E626E6578742E636F6D2E74772F61727469636C652F35333834302F62652D616363656C657261746F722D64656D6F6461792D32,拋出2030未來醫院新想像，比翼加速器Demo Day聚焦兩大主軸｜數位時代,['tech_tw'],['科技'],['robot_tw'],"['00000153174BB0C70000000C6261636B656E645F6C6F63616C494E464C55', '000001579DAF67DF0000001D6375706F795F72656C65617365494E464C55']",1562234011454,2019-07-04
01313339,Jimmy Chang,68747470733A2F2F7777772E626E6578742E636F6D2E74772F61727469636C652F35333835372F706F73742D6970686F6E652D657261,蘋果的後iPhone時代｜數位時代,"['3CExpert_tw', 'Hipster_tw', 'business_tw', 'design_tw', 'tech_tw']","['3C達人', '文青聚落', '商業', '設計', '科技']","['apple_tw', 'product_design_tw']","['00000153174BB0C70000000C6261636B656E645F6C6F63616C494E464C55', '000001579DAF67DF0000001D6375706F795F72656C65617365494E464C55']",1562209578639,2019-07-04
01313339,Jimmy Chang,68747470733A2F2F7777772E626E6578742E636F6D2E74772F61727469636C652F35333837392F696B65612D736F66612D64657369676E2D666F6E74,IKEA推出一套「世界上最舒服的字體」｜數位時代,"['Hipster_tw', 'design_tw']","['文青聚落', '設計']",['graphic_design_tw'],"['00000153174BB0C70000000C6261636B656E645F6C6F63616C494E464C55', '000001579DAF67DF0000001D6375706F795F72656C65617365494E464C55']",1562204116320,2019-07-04
D5E11132,林信懋,68747470733A2F2F7777772E627261696E2E636F6D2E74772F6E6577732F61727469636C65636F6E74656E743F49443D343738383226736F7274,中美貿易戰白熱化，台灣是受害還是受益者？ - 動腦Brain.com.tw｜行銷．廣告．傳播．創意數位平台,"['InternationalFinance_tw', 'WhiteCollar_tw', 'business_tw']","['國際財經', '職場白領', '商業']","['finance_tw', 'marketing_tw']",['0000015316DA3B6F000000036261636B656E645F6C6F63616C494E464C55'],1562202772793,2019-07-04
01313339,Jimmy Chang,68747470733A2F2F7777772E636D6D656469612E636F6D2E74772F686F6D652F61727469636C65732F3136333230,美國情報授權法首次承認中國干涉臺灣選舉 將助臺灣防止外力幹預 | 信傳媒,"['InternationalFinance_tw', 'business_tw']","['國際財經', '商業']",['international_tw'],['0000015DDE74FF85000000026375706F795F72656C65617365494E464C55'],1562205498913,2019-07-04
4D013708,VK,68747470733A2F2F7777772E65646E74616977616E2E636F6D2F6E6577732F61727469636C652F3230313930373032544133312D4E6F7468696E672D4E65772D696E2D506F7765722D496E74656772697479,電源完整性還有新招？ - EDN Taiwan,"['3CExpert_tw', 'tech_tw']","['3C達人', '科技']","['3c_tw', 'UAS_tw', 'info_security_tw', 'robot_tw']",['000001626BBA6655000000056375706F795F72656C65617365494E464C55'],1562232641539,2019-07-04
A4910200,CUPOY,68747470733A2F2F7777772E6974686F6D652E636F6D2E74772F6E6577732F313331353331,Red Hat為RHEL訂戶推出安全分析服務Insights | iThome,"['WhiteCollar_tw', 'business_tw', 'tech_tw']","['職場白領', '商業', '科技']","['FinancialManagement_tw', 'robot_tw']",['000001579E138131000000476375706F795F72656C65617365494E464C55'],1562234367008,2019-07-04
A4910200,CUPOY,68747470733A2F2F7777772E6974686F6D652E636F6D2E74772F6E6577732F313331353431,美國最大警用隨身錄影機製造商Axon：不會嵌入人臉比對功能 | iThome,['tech_tw'],['科技'],['robot_tw'],['000001579E138131000000476375706F795F72656C65617365494E464C55'],1562234240676,2019-07-04
A4910200,CUPOY,68747470733A2F2F7777772E6974686F6D652E636F6D2E74772F6E6577732F313331353934,研究人員以強化學習破解reCaptcha v3 | iThome,['tech_tw'],['科技'],['robot_tw'],['000001579E138131000000476375706F795F72656C65617365494E464C55'],1562233970741,2019-07-04
A4910200,CUPOY,68747470733A2F2F7777772E6974686F6D652E636F6D2E74772F6E6577732F313331363133,臺灣人工智慧晶片聯盟正式成立，要搶全球AI裝置市場商機 | iThome,['tech_tw'],['科技'],['robot_tw'],['000001579E138131000000476375706F795F72656C65617365494E464C55'],1562233752413,2019-07-04
4D013708,VK,68747470733A2F2F7777772E6974686F6D652E636F6D2E74772F6E6577732F313331363630,臉書、WhatsApp、IG全球斷線，無法傳送圖檔或影片 | iThome,['empty'],['空的'],['empty'],['000001579E138131000000476375706F795F72656C65617365494E464C55'],1562221688229,2019-07-04
4D013708,VK,68747470733A2F2F7777772E6974686F6D652E636F6D2E74772F6E6577732F313331363630,臉書、WhatsApp、IG全球斷線，無法傳送圖檔或影片 | iThome,['empty'],['空的'],['empty'],['000001579E138131000000476375706F795F72656C65617365494E464C55'],1562221689498,2019-07-04
01313339,Jimmy Chang,68747470733A2F2F7777772E6A6971697A686978696E2E636F6D2F61727469636C65732F323031392D30372D30342D33,測量、建議、快速上手！你所使用的Python對象佔用了多少內存？（附代碼） | 機器之心,['tech_tw'],['科技'],['robot_tw'],['0000015EBC10BCDC000000016375706F795F72656C65617365494E464C55'],1562219641904,2019-07-04
01313339,Jimmy Chang,68747470733A2F2F7777772E73746F726D2E6D672F61727469636C652F31343339313231,中共黨員人數突破九千萬！美國之音踢爆黨員心聲：其實他們對共產主義沒興趣，多半只想發大財-風傳媒,"['InternationalFinance_tw', 'business_tw']","['國際財經', '商業']",['international_tw'],['000001579DB7CFCC000000256375706F795F72656C65617365494E464C55'],1562206263683,2019-07-04
01313339,Jimmy Chang,68747470733A2F2F7777772E73746F726D2E6D672F61727469636C652F31343339373231,還記得土耳其海灘上的敘利亞男孩嗎？小亞藍悲劇搬上大銀幕 家屬痛心抵制：我死去的兒子沒辦法在電影裡復活！-風傳媒,"['InternationalFinance_tw', 'business_tw']","['國際財經', '商業']",['international_tw'],['000001579DB7CFCC000000256375706F795F72656C65617365494E464C55'],1562206255711,2019-07-04
01313339,Jimmy Chang,68747470733A2F2F7777772E73746F726D2E6D672F61727469636C652F31343437333436,「我們做藝術的不能顧慮這麼多!」金馬、威尼斯香港影后，七一隻有她敢上街！-風傳媒,"['InternationalFinance_tw', 'business_tw']","['國際財經', '商業']",['finance_tw'],['000001579DB7CFCC000000256375706F795F72656C65617365494E464C55'],1562204575289,2019-07-04
01313339,Jimmy Chang,68747470733A2F2F7777772E7465636862616E672E636F6D2F706F7374732F37313039382D776974682D612D70656E2D616E642D706F7765722D6F662D686967682D706F7765722D636861726765722D746F2D6368617267652D7468652D70686F6E652D6D2D77696C6C2D6368617267652D7468652D70686F6E652D6261643F75746D5F736F757263653D666565646275726E65722675746D5F6D656469756D3D666565642675746D5F63616D706169676E3D466565642533412B7465636862616E672B253238542545352541452541322545392538322541362B254536253943253830254536253936254230254536253936253837254537254142254130253239,用筆電的大功率充電器來充手機，會把手機充壞嗎？ | T客邦,"['3CExpert_tw', 'tech_tw']","['3C達人', '科技']",['3c_tw'],['000001579E2D053F000000696375706F795F72656C65617365494E464C55'],1562207260985,2019-07-04
01313339,Jimmy Chang,68747470733A2F2F7777772E7468656E6577736C656E732E636F6D2F61727469636C652F3132313534393F75746D5F736F757263653D666565646275726E65722675746D5F6D656469756D3D666565642675746D5F63616D706169676E3D466565642533412B5468654E6577734C656E732B2532385468652B4E6577732B4C656E732B254539253937253943254539253844254235254538254139253935254538254142253936254537254236254232253239,【圖輯】沒有「處女膜」只有「陰道冠」：錯誤命名誤導我們對「第一次」的想像 - The News Lens 關鍵評論網,['empty'],['空的'],['empty'],['000001579DB3697C000000216375706F795F72656C65617365494E464C55'],1562204170768,2019-07-04
D5E11132,林信懋,68747470733A2F2F7777772E7468656E6577736C656E732E636F6D2F61727469636C652F3132313534393F75746D5F736F757263653D666565646275726E65722675746D5F6D656469756D3D666565642675746D5F63616D706169676E3D466565642533412B5468654E6577734C656E732B2532385468652B4E6577732B4C656E732B254539253937253943254539253844254235254538254139253935254538254142253936254537254236254232253239,【圖輯】沒有「處女膜」只有「陰道冠」：錯誤命名誤導我們對「第一次」的想像 - The News Lens 關鍵評論網,['empty'],['空的'],['empty'],['000001579DB3697C000000216375706F795F72656C65617365494E464C55'],1562202492572,2019-07-04
01313339,Jimmy Chang,68747470733A2F2F7777772E7468656E6577736C656E732E636F6D2F61727469636C652F313231353532,「孩子國家養」不需要北歐級高稅收，墨西哥就綽綽有餘 - The News Lens 關鍵評論網,"['InternationalFinance_tw', 'business_tw']","['國際財經', '商業']",['finance_tw'],['000001579DB3697C000000216375706F795F72656C65617365494E464C55'],1562206100310,2019-07-04
01313339,Jimmy Chang,68747470733A2F2F7777772E7468656E6577736C656E732E636F6D2F61727469636C652F3132313535343F75746D5F736F757263653D666565646275726E65722675746D5F6D656469756D3D666565642675746D5F63616D706169676E3D466565642533412B5468654E6577734C656E732B2532385468652B4E6577732B4C656E732B254539253937253943254539253844254235254538254139253935254538254142253936254537254236254232253239,四大菸草集團嚴陣以待：「電子煙」背後的兩兆商機 - The News Lens 關鍵評論網,"['InternationalFinance_tw', 'business_tw']","['國際財經', '商業']",['finance_tw'],['000001579DB3697C000000216375706F795F72656C65617365494E464C55'],1562207967002,2019-07-04
A4910200,CUPOY,68747470733A2F2F7777772E75706D656469612E6D672F6E6577735F696E666F2E7068703F53657269616C4E6F3D36363331313F3D6662,臺灣人工智慧法律國際研究基金會受邀赴美　與國際AI法律專家交流 -- 上報 / 焦點,['tech_tw'],['科技'],['robot_tw'],['0000015823CF4C8D0000001B6375706F795F72656C65617365494E464C55'],1562234419152,2019-07-04
01313339,Jimmy Chang,68747470733A2F2F7777772E75706D656469612E6D672F6E6577735F696E666F2E7068703F53657269616C4E6F3D36363439333F3D6662,【雙城論壇登場】中方曾要求表態挺九二共識　柯文哲堅持繳「不及格」答卷--上報,"['InternationalFinance_tw', 'business_tw']","['國際財經', '商業']",['CrossStrait_tw'],['0000015823CF4C8D0000001B6375706F795F72656C65617365494E464C55'],1562205489471,2019-07-04
01313339,Jimmy Chang,68747470733A2F2F7777772E7765616C74682E636F6D2E74772F686F6D652F61727469636C65732F32313331353F75746D5F736F757263653D66616365626F6F6B2E636F6D2675746D5F6D656469756D3D66616E706167652675746D5F636F6E74656E743D3230313930373033,深陷財務危機發不出薪水  高雄39年老字號大八餐飲宣佈停業 | 財訊- 掌握趨勢  投資未來 | 最懂投資的財經媒體,"['InternationalFinance_tw', 'business_tw']","['國際財經', '商業']",['finance_tw'],['0000015499CEA928000000046261636B656E645F6C6F63616C494E464C55'],1562205428268,2019-07-04
F2A10636,Accc,687474703A2F2F33736D61726B65742D696E666F2E626C6F6773706F742E636F6D2F323031392F30372F61692E68746D6C3F75746D5F736F757263653D666565646275726E65722675746D5F6D656469756D3D666565642675746D5F63616D706169676E3D466565642533412B33734D61726B6574426C6F672B25323833532B4D61726B65742B426C6F672B254535254146254236254535254233254236254535254145253839254536253845254137254535254238253832254535254130254234254538254233253837254538254138253841254537254236254232253239,．AI 爭奪智能家居入口：亞馬遜稱雄全球，開啓語音控制時代 - 3S Market「全球智慧科技應用」市場資訊網,['tech_tw'],['科技'],['robot_tw'],['000001690A4A9B26000000056375706F795F72656C65617365494E464C55'],1562296383117,2019-07-05
01313339,Jimmy Chang,687474703A2F2F73632E706965652E70772F4456474E57,《熱門族羣》11檔三優股百花齊放 - Yahoo奇摩理財,"['WhiteCollar_tw', 'business_tw']","['職場白領', '商業']",['FinancialManagement_tw'],['000001634E038F7A000000076375706F795F72656C65617365494E464C55'],1562303701430,2019-07-05
01313339,Jimmy Chang,687474703A2F2F73632E706965652E70772F4843465556,中美貿易戰》廠商出走中國誰獲利？CNN：這4個亞洲國家成大贏家 - Yahoo奇摩理財,['empty'],['空的'],['empty'],['000001634E038F7A000000076375706F795F72656C65617365494E464C55'],1562303622201,2019-07-05
01313339,Jimmy Chang,68747470733A2F2F62757A7A6F72616E67652E636F6D2F323031392F30352F32312F747361692D696E6777656E2D332D7072696D652D6D696E69737465722F,【蔡英文與三代行政院長的合作紀錄】辣臺妹指派的三任閣揆，三年內推超過 40 項政策改革 | BuzzOrange,['empty'],['空的'],['empty'],['000001579E0FA656000000456375706F795F72656C65617365494E464C55'],1562296290808,2019-07-05
01313339,Jimmy Chang,68747470733A2F2F62757A7A6F72616E67652E636F6D2F323031392F30372F30342F7768792D6172652D686F6E672D6B6F6E676572732D616761696E73742D676F7665726E6D656E742D756E74696C2D6E6F772F,「香港人不是 1997 回歸時，就知道中共專制獨裁了嗎？」鄉民酸語釣出真港人的「痛心回應」 | BuzzOrange,['empty'],['空的'],['empty'],['000001579E0FA656000000456375706F795F72656C65617365494E464C55'],1562295709011,2019-07-05
empty,空的,68747470733A2F2F6368696E6573652E656E6761646765742E636F6D2F323031392F30372F30342F6170706C652D6D6163626F6F6B2D6B6579626F6172642D6E6578742D6461792D726570616972732D696E2D73746F72652F,郭明錤：Apple 將放棄蝴蝶腳鍵盤方案,"['3CExpert_tw', 'tech_tw']","['3C達人', '科技']","['apple_tw', 'notebook_tw']",['000001579D7E5CCB000000036375706F795F72656C65617365494E464C55'],1562313077617,2019-07-05
01313339,Jimmy Chang,68747470733A2F2F636E2E6E7974696D65732E636F6D2F6D6F726E696E672D62726965662F32303139303730352F686F6E672D6B6F6E672D70726F74657374732D6172726573742D78696E6A69616E672F7A682D68616E742F,簡報：香港警方展開逮捕行動；新疆7·5十週年 - 紐約時報中文網,"['InternationalFinance_tw', 'business_tw']","['國際財經', '商業']",['international_tw'],['0000015499D75EB50000000A6261636B656E645F6C6F63616C494E464C55'],1562304093346,2019-07-05
01313339,Jimmy Chang,68747470733A2F2F63726F7373696E672E63772E636F6D2E74772F626C6F67546F7069632E616374696F6E3F69643D31323737266E69643D31313935322675746D5F736F757263653D66625F63726F7373696E672675746D5F6D656469756D3D736F6369616C2675746D5F63616D706169676E3D66625F63726F7373696E672D736F6369616C2D66616365626F6F6B5F6461696C79,臺灣高中生在美國，一個 91% 白人的社區，以亞裔身分寫下校史「第一」 ｜ Todd Lu／讀者投書 ｜ 換日線 Crossing,['empty'],['空的'],['empty'],['0000015499CE1BE5000000036261636B656E645F6C6F63616C494E464C55'],1562297270386,2019-07-05
01313339,Jimmy Chang,68747470733A2F2F65766572796C6974746C65642E636F6D2F61727469636C652F3132303939333F746E6C5F736F757263653D666274657374,「膚色」到底是什麼顏色？資生堂用一盒蠟筆消除種族歧視 - every little d,['empty'],['空的'],['empty'],['000001579DB3697C000000216375706F795F72656C65617365494E464C55'],1562297312770,2019-07-05
01313339,Jimmy Chang,68747470733A2F2F667265652E636F6D2E74772F6E6F2D6D6F72652D676F6F676C652F3F75746D5F636F6E74656E743D62756666657263316465662675746D5F6D656469756D3D736F6369616C2675746D5F736F757263653D66616365626F6F6B2E636F6D2675746D5F63616D706169676E3D627566666572,如果這世界沒有 Google，No More Google 提供你完整谷歌服務替代方案,"['3CExpert_tw', 'tech_tw']","['3C達人', '科技']",['GoogleZone_tw'],['000001579E1714A00000004C6375706F795F72656C65617365494E464C55'],1562297278314,2019-07-05
01313339,Jimmy Chang,68747470733A2F2F686B2E7468656E6577736C656E732E636F6D2F61727469636C652F313231353831,衝嚟做咩？——衝擊立法會示威者的心態 - The News Lens 關鍵評論網,"['InternationalFinance_tw', 'business_tw']","['國際財經', '商業']",['international_tw'],['000001579DB3697C000000216375706F795F72656C65617365494E464C55'],1562297698289,2019-07-05
01313339,Jimmy Chang,68747470733A2F2F746563686E6577732E74772F323031392F30372F30342F6175746F666F63616C2D6C656E7365732D70726F6D6973652D636C61726974792D666F722D70656F706C652D77686F2D6E6565642D72656164696E672D676C61737365732F3F75746D5F736F757263653D66625F746E2675746D5F6D656469756D3D66616365626F6F6B,這款自動對焦的智慧眼鏡，能讓你一副眼鏡戴到老？ | TechNews 科技新報,"['3CExpert_tw', 'tech_tw']","['3C達人', '科技']",[],['000001579E025C270000003D6375706F795F72656C65617365494E464C55'],1562297181674,2019-07-05
01313339,Jimmy Chang,68747470733A2F2F746563686E6577732E74772F323031392F30372F30342F63616E6F6E2D6976792D7265632F3F75746D5F736F757263653D66625F746E2675746D5F6D656469756D3D66616365626F6F6B,Canon 要集資推出一款無螢幕小型相機，長得像「鑰匙圈」 | TechNews 科技新報,"['3CExpert_tw', 'Hipster_tw', 'tech_tw']","['3C達人', '文青聚落', '科技']",['camera_tw'],['000001579E025C270000003D6375706F795F72656C65617365494E464C55'],1562316424062,2019-07-05
01313339,Jimmy Chang,68747470733A2F2F746563686E6577732E74772F323031392F30372F30342F6D6163626F6F6B2D7573652D6B6579626F6172642F3F75746D5F736F757263653D66625F746E2675746D5F6D656469756D3D66616365626F6F6B,郭明錤稱 MacBook 會採用新剪刀腳鍵盤，精元將成為最大受惠者 | TechNews 科技新報,"['3CExpert_tw', 'tech_tw']","['3C達人', '科技']","['apple_tw', 'notebook_tw']",['000001579E025C270000003D6375706F795F72656C65617365494E464C55'],1562297193080,2019-07-05
01313339,Jimmy Chang,68747470733A2F2F746563686E6577732E74772F323031392F30372F30352F332D6D696C6C696F6E2D776F726B732D77696C6C2D6469736170706561722F3F75746D5F736F757263653D66625F746E2675746D5F6D656469756D3D66616365626F6F6B,三至五成臺企勢將出走中國，外資：300 萬份工作消失 | TechNews 科技新報,"['3CExpert_tw', 'tech_tw']","['3C達人', '科技']",[],['000001579E025C270000003D6375706F795F72656C65617365494E464C55'],1562316399626,2019-07-05
empty,空的,68747470733A2F2F7777772E626E6578742E636F6D2E74772F61727469636C652F35333931312F70632D61732D612D736572766963652D64656C6C2D6870652D69742D636F6E73756D7074696F6E2D61732D612D73657276696365,PC用量計費革命來了，訂用服務是HPE、DELL的未來嗎？｜數位時代,"['3CExpert_tw', 'WhiteCollar_tw', 'business_tw', 'tech_tw']","['3C達人', '職場白領', '商業', '科技']","['management_tw', 'notebook_tw']","['00000153174BB0C70000000C6261636B656E645F6C6F63616C494E464C55', '000001579DAF67DF0000001D6375706F795F72656C65617365494E464C55']",1562313094677,2019-07-05
01313339,Jimmy Chang,68747470733A2F2F7777772E636D6D656469612E636F6D2E74772F686F6D652F61727469636C65732F3136333638,影片》登革熱可怕還是市長可怕？鄉民女神黃捷告訴你真相是.... | 信傳媒,['business_tw'],['商業'],[],['0000015DDE74FF85000000026375706F795F72656C65617365494E464C55'],1562300501326,2019-07-05
01313339,Jimmy Chang,68747470733A2F2F7777772E666F7873706F7274732E636F6D2E74772F74656E6E69732FE6BAABE5B883E9A093E7B6B2E79083E98CA6E6A899E8B3BD2F3835363232392FE68993E79083E693BAE7889BE78D8EE98791E8A2ABE6B292E694B62DE6BAABE7B6B2E687B2E89995E68598E69597E6BEB3E6B4B2E981B8E6898B2F,打球擺爛獎金被沒收 溫網懲處慘敗澳洲選手 - 最新體育新聞，即時比分，賽程和戰績 | FOX體育臺,['Sports_tw'],['運動'],['Tennis_tw'],['00000156C069E553000000046375706F795F72656C65617365494E464C55'],1562301702562,2019-07-05
empty,空的,68747470733A2F2F7777772E666F7873706F7274732E636F6D2E74772FE4B8ADE88FAFE99A8AE5B088E58D802F3835363036382FE4B896E5A4A7E9818BE3808BE68BBFE59DA1E9878CE9968BE5B9952DE68E92E79083E5A5BDE6898BE590B3E5AE97E8BB92E68E8CE697972F,世大運》拿坡里開幕 排球好手吳宗軒掌旗 - 最新體育新聞，即時比分，賽程和戰績 | FOX體育臺,['Sports_tw'],['運動'],['Volleyball_tw'],['00000156C069E553000000046375706F795F72656C65617365494E464C55'],1562324503360,2019-07-05
01313339,Jimmy Chang,68747470733A2F2F7777772E7468656E6577736C656E732E636F6D2F61727469636C652F3132313436383F75746D5F736F757263653D666565646275726E65722675746D5F6D656469756D3D666565642675746D5F63616D706169676E3D466565642533412B5468654E6577734C656E732B2532385468652B4E6577732B4C656E732B254539253937253943254539253844254235254538254139253935254538254142253936254537254236254232253239,專訪周思齊：大家都喜歡從失敗邁向成功的故事，這個最熱血了！ - The News Lens 關鍵評論網,"['Sports_tw', 'WhiteCollar_tw', 'business_tw']","['運動', '職場白領', '商業']","['Baseball_tw', 'career_tw']",['000001579DB3697C000000216375706F795F72656C65617365494E464C55'],1562297156386,2019-07-05
01313339,Jimmy Chang,68747470733A2F2F7777772E7468656E6577736C656E732E636F6D2F61727469636C652F3132313534363F75746D5F736F757263653D666565646275726E65722675746D5F6D656469756D3D666565642675746D5F63616D706169676E3D466565642533412B5468654E6577734C656E732B2532385468652B4E6577732B4C656E732B254539253937253943254539253844254235254538254139253935254538254142253936254537254236254232253239,「電子書閱讀器」為什麼可以提高閱讀效率？五個理由告訴你 - The News Lens 關鍵評論網,['empty'],['空的'],['empty'],['000001579DB3697C000000216375706F795F72656C65617365494E464C55'],1562296417332,2019-07-05
01313339,Jimmy Chang,68747470733A2F2F7777772E7468656E6577736C656E732E636F6D2F61727469636C652F3132313630353F75746D5F736F757263653D666565646275726E65722675746D5F6D656469756D3D666565642675746D5F63616D706169676E3D466565642533412B5468654E6577734C656E732B2532385468652B4E6577732B4C656E732B254539253937253943254539253844254235254538254139253935254538254142253936254537254236254232253239,候選人若不制止狂熱鐵粉散播假新聞，最後反噬的將是自己 - The News Lens 關鍵評論網,"['WhiteCollar_tw', 'business_tw']","['職場白領', '商業']",['marketing_tw'],['000001579DB3697C000000216375706F795F72656C65617365494E464C55'],1562296515337,2019-07-05
01313339,Jimmy Chang,68747470733A2F2F7777772E7468656E6577736C656E732E636F6D2F61727469636C652F3132313633303F75746D5F736F757263653D666565646275726E65722675746D5F6D656469756D3D666565642675746D5F63616D706169676E3D466565642533412B5468654E6577734C656E732B2532385468652B4E6577732B4C656E732B254539253937253943254539253844254235254538254139253935254538254142253936254537254236254232253239,當「韓粉」變成保守派代名詞，北漂青年們開始「遇韓不投」 - The News Lens 關鍵評論網,['empty'],['空的'],['empty'],['000001579DB3697C000000216375706F795F72656C65617365494E464C55'],1562296498399,2019-07-05
01313339,Jimmy Chang,68747470733A2F2F7777772E7468656E6577736C656E732E636F6D2F61727469636C652F3132313635303F75746D5F736F757263653D666565646275726E65722675746D5F6D656469756D3D666565642675746D5F63616D706169676E3D466565642533412B5468654E6577734C656E732B2532385468652B4E6577732B4C656E732B254539253937253943254539253844254235254538254139253935254538254142253936254537254236254232253239,除了問「小孩國家養」錢從哪裡來？臺灣人更該關心這五項稅收政策 - The News Lens 關鍵評論網,['empty'],['空的'],['empty'],['000001579DB3697C000000216375706F795F72656C65617365494E464C55'],1562296505695,2019-07-05
empty,空的,68747470733A2F2F617365616E2E7468656E6577736C656E732E636F6D2F61727469636C652F313231363632,越女被拐賣到中國22年，終回鄉與家人團聚 - The News Lens 關鍵評論網,['empty'],['空的'],['empty'],['000001579DB3697C000000216375706F795F72656C65617365494E464C55'],1562397271746,2019-07-06
empty,空的,68747470733A2F2F667265652E636F6D2E74772F626561636F6E737461632D667265652D71722D636F64652D67656E657261746F722F3F75746D5F636F6E74656E743D62756666657261353264652675746D5F6D656469756D3D736F6369616C2675746D5F736F757263653D66616365626F6F6B2E636F6D2675746D5F63616D706169676E3D627566666572,免費 QR Code 產生器將網址、聯絡資訊或純文字轉 QR 碼可自訂圖案,"['3CExpert_tw', 'tech_tw']","['3C達人', '科技']",[],['000001579E1714A00000004C6375706F795F72656C65617365494E464C55'],1562397077773,2019-07-06
empty,空的,68747470733A2F2F73706F7274732E6C746E2E636F6D2E74772F6D2F6E6577732F627265616B696E676E6577732F32383430393331,世大運凌晨開幕  男排「黃金左手」吳宗軒任掌旗官 - 自由體育,['Sports_tw'],['運動'],['Volleyball_tw'],['00000156C07A8E020000002A6375706F795F72656C65617365494E464C55'],1562419242904,2019-07-06
empty,空的,68747470733A2F2F746563686E6577732E74772F323031392F30372F30352F636F7374636F2D636C6F7468696E672D616E6E75616C2D73616C65732D6F662D372D62696C6C696F6E2D646F6C6C6172732F3F75746D5F736F757263653D66625F746E2675746D5F6D656469756D3D66616365626F6F6B,異軍突起！好市多服飾年銷 70 億美元，超越知名品牌 | TechNews 科技新報,"['3CExpert_tw', 'tech_tw']","['3C達人', '科技']",[],['000001579E025C270000003D6375706F795F72656C65617365494E464C55'],1562396846501,2019-07-06
B0013677,MoonHsu,68747470733A2F2F746563686E6577732E74772F323031392F30372F30362F636F636B726F6163682D7375706572627567732D65766F6C76652D746F2D7265736973742D706573746963696465732D696E2D6F6E652D67656E65726174696F6E2F3F75746D5F736F757263653D66625F746E2675746D5F6D656469756D3D66616365626F6F6B,「超級蟑螂」多久能演化出來，研究：一個世代 | TechNews 科技新報,"['3CExpert_tw', 'tech_tw']","['3C達人', '科技']",[],['000001579E025C270000003D6375706F795F72656C65617365494E464C55'],1562415915363,2019-07-06
empty,空的,68747470733A2F2F746563686E6577732E74772F323031392F30372F30362F6570612D656C6563747269632D73636F6F7465722D737562736964792F3F75746D5F736F757263653D66625F746E2675746D5F6D656469756D3D66616365626F6F6B,"環署老機車汰舊換新方案，最高補助 5,000 元 | TechNews 科技新報","['3CExpert_tw', 'tech_tw']","['3C達人', '科技']",[],['000001579E025C270000003D6375706F795F72656C65617365494E464C55'],1562420107648,2019-07-06
empty,空的,68747470733A2F2F74772E6D6F62692E7961686F6F2E636F6D2F7472656E64722FE9BA97E58FB0E9818BE58B95E5A0B12F3336312DE79C8BE4B896E5A4A7E9818B2DE8B8A2E79083E9BB9EE78783E88196E781AB2D32303139E68BBFE59DA1E9878CE4B896E5A4A7E9818BE6ADA3E5BC8FE9968BE5B9952D3030323835323236372E68746D6C,361°看世大運》踢球點燃聖火 2019拿坡里世大運正式開幕！ | undefined - Yahoo奇摩行動版,['Sports_tw'],['運動'],['Volleyball_tw'],['00000156C07A8E020000002A6375706F795F72656C65617365494E464C55'],1562419177920,2019-07-06
empty,空的,68747470733A2F2F7777772E666F7873706F7274732E636F6D2E74772FE4B8ADE88FAFE99A8AE5B088E58D802F3835363036382FE4B896E5A4A7E9818BE3808BE68BBFE59DA1E9878CE9968BE5B9952DE68E92E79083E5A5BDE6898BE590B3E5AE97E8BB92E68E8CE697972F,世大運》拿坡里開幕 排球好手吳宗軒掌旗 - 最新體育新聞，即時比分，賽程和戰績 | FOX體育臺,['Sports_tw'],['運動'],['Volleyball_tw'],['00000156C069E553000000046375706F795F72656C65617365494E464C55'],1562414337673,2019-07-06
empty,空的,68747470733A2F2F7777772E666F7873706F7274732E636F6D2E74772FE4B8ADE88FAFE99A8AE5B088E58D802F3835363036382FE4B896E5A4A7E9818BE3808BE68BBFE59DA1E9878CE9968BE5B9952DE68E92E79083E5A5BDE6898BE590B3E5AE97E8BB92E68E8CE697972F,世大運》拿坡里開幕 排球好手吳宗軒掌旗 - 最新體育新聞，即時比分，賽程和戰績 | FOX體育臺,['Sports_tw'],['運動'],['Volleyball_tw'],['00000156C069E553000000046375706F795F72656C65617365494E464C55'],1562419259054,2019-07-06
empty,空的,68747470733A2F2F7777772E7465636862616E672E636F6D2F706F7374732F37313333332D6275792D612D70656E2D616E642D74616B652D616476616E746167652D6F662D69742D6E6F772D7461697065692D6D756C74696D656469612D65786869626974696F6E2D646562757465642D696E2D7468652D776F726C642D74726164652D63656E7465722D68702D656C6563747269632D636F6D7065746974696F6E2D616E642D6C696768742D70656E2D706F7765722D75702D746F2D31303030302D7975616E3F75746D5F736F757263653D666565646275726E65722675746D5F6D656469756D3D666565642675746D5F63616D706169676E3D466565642533412B7465636862616E672B253238542545352541452541322545392538322541362B254536253943253830254536253936254230254536253936253837254537254142254130253239,買筆電趁現在！「臺北多媒體展」於世貿一館登場，HP 電競與輕薄筆電最高省萬元 | T客邦,"['3CExpert_tw', 'tech_tw']","['3C達人', '科技']","['3c_tw', 'notebook_tw']",['000001579E2D053F000000696375706F795F72656C65617365494E464C55'],1562397203965,2019-07-06
