cumatrixid,cumatrixtitle,cumatrixitemid,cumatrixitemtitle,cumatrixgrpids,cumatrixtags,posterid,pvnum,visitduration,accSubscribeNum,logdate
00000159FD38143B000000036375706F795F70726572656C656173654355,人工智能，機器學習，深度學習,00000159FD3CE349000000516375706F795F70726572656C656173654349,大數據2016大事記,"['tech_tw', 'robot_tw']","['人工智能', '機器學習', '深度學習']",97210140,2,82,95,2019-06-30
00000159FD38143B000000036375706F795F70726572656C656173654355,人工智能，機器學習，深度學習,00000159FD3EBB1A000000566375706F795F70726572656C656173654349,樂視合併亞馬遜,"['tech_tw', 'robot_tw']","['人工智能', '機器學習', '深度學習']",97210140,1,8,95,2019-06-30
0000015B034BD8690000000C6375706F795F72656C656173654355,NEWLIFE 健身,0000015E5A2E9D8E0000005B6375706F795F72656C656173654349,負重腹肌訓練: 打造完整腹肌Part 2,"['Fitness_tw', 'Sports_tw', 'life_tw', 'fitness_tw']","['健康', '健身', '運動']",D2510143,1,8,35,2019-06-30
0000015B70D18D1C000000046375706F795F72656C656173654355,復興設計,0000015B70E70806000000D66375706F795F72656C656173654349,復興設計學院╱服裝設計-人體結構繪製教學／即將開課！,"['Hipster_tw', 'design_tw']","['設計作品', '設計學院', '電腦繪圖']",F4810138,1,0,38,2019-06-30
0000015B70D18D1C000000046375706F795F72656C656173654355,復興設計,0000015B70E76BC5000000D76375706F795F72656C656173654349,復興設計學院╱素描水彩班-蘋果繪製／即將開課！,"['Hipster_tw', 'design_tw']","['設計作品', '設計學院', '電腦繪圖']",F4810138,1,1,38,2019-06-30
0000015B70D18D1C000000046375706F795F72656C656173654355,復興設計,0000015B70E79D56000000D86375706F795F72656C656173654349,復興設計學院╱素描水彩班-水壺繪製,"['Hipster_tw', 'design_tw']","['設計作品', '設計學院', '電腦繪圖']",F4810138,1,1,38,2019-06-30
0000015C8339F3F10000000B6375706F795F72656C656173654355,翔麟-Minecraft系列,0000015C8F4FBCF9000004806375706F795F72656C656173654349,※Minecraft※當個創世神※神奇寶貝生存第2季 Ep.13 捕捉依布大作戰,"['GamePlayer_tw', 'Game_tw', 'GameInformation_tw']","['Minecraft', '遊戲', '遊戲實況']",D1010139,1,0,10,2019-06-30
0000015C8339F3F10000000B6375706F795F72656C656173654355,翔麟-Minecraft系列,0000016970620715000193576375706F795F72656C656173654349,警察出動，但最後他還在...※【這個人是誰】Who is This Man ※潛入搜查遊戲,"['GamePlayer_tw', 'Game_tw', 'GameInformation_tw']","['Minecraft', '遊戲', '遊戲實況']",D1010139,1,4,10,2019-06-30
0000015C9B785571000000086375706F795F72656C656173654355,茶杯の黑橡木群島系列,0000015C9B792B970000069E6375706F795F72656C656173654349,牧場物語時間～農場建設～,"['GamePlayer_tw', 'Game_tw', 'GameInformation_tw']","['實況', '遊戲', '遊戲情報']",49910145,1,117,15,2019-06-30
0000015C9B785571000000086375706F795F72656C656173654355,茶杯の黑橡木群島系列,0000015C9B7941080000069F6375706F795F72656C656173654349,黑橡木群島的誕生，系列的開始,"['GamePlayer_tw', 'Game_tw', 'GameInformation_tw']","['實況', '遊戲', '遊戲情報']",49910145,1,101,15,2019-06-30
0000015C9B785571000000086375706F795F72656C656173654355,茶杯の黑橡木群島系列,0000015C9B79B99D000006A56375706F795F72656C656173654349,探索巨大廢棄礦坑,"['GamePlayer_tw', 'Game_tw', 'GameInformation_tw']","['實況', '遊戲', '遊戲情報']",49910145,1,0,15,2019-06-30
0000015C9B785571000000086375706F795F72656C656173654355,茶杯の黑橡木群島系列,00000164E28B26CE000013FC6375706F795F72656C656173654349,【Minecraft】茶杯生存Ep181 📣1.13海豚超音波尋寶法【當個創世神】,"['GamePlayer_tw', 'Game_tw', 'GameInformation_tw']","['實況', '遊戲', '遊戲情報']",49910145,1,43,15,2019-06-30
00000165AD08BC70000000026375706F795F70726572656C656173654355,莫煩_Python3 基礎學 零基礎必修Python入門實作,00000165AD4C7863000000036375706F795F70726572656C656173654349,python基礎 1 安裝,"['tech_tw', 'robot_tw']",['python'],B0310653,2,7,85,2019-06-30
00000165AD08BC70000000026375706F795F70726572656C656173654355,莫煩_Python3 基礎學 零基礎必修Python入門實作,00000165AD500096000000046375706F795F70726572656C656173654349,python基礎 2 print (),"['tech_tw', 'robot_tw']",['python'],B0310653,2,2,85,2019-06-30
00000165AD08BC70000000026375706F795F70726572656C656173654355,莫煩_Python3 基礎學 零基礎必修Python入門實作,00000165AD5147E0000000056375706F795F70726572656C656173654349,python基礎 3 數學 ,"['tech_tw', 'robot_tw']",['python'],B0310653,2,7,85,2019-06-30
00000165AD08BC70000000026375706F795F70726572656C656173654355,莫煩_Python3 基礎學 零基礎必修Python入門實作,00000165AD52377B000000066375706F795F70726572656C656173654349,python基礎 4 自變量 variable ,"['tech_tw', 'robot_tw']",['python'],B0310653,3,56,85,2019-06-30
00000165AD08BC70000000026375706F795F70726572656C656173654355,莫煩_Python3 基礎學 零基礎必修Python入門實作,00000165AD53ED81000000076375706F795F70726572656C656173654349,python基礎 5 while循環 ,"['tech_tw', 'robot_tw']",['python'],B0310653,3,29,85,2019-06-30
00000165AD08BC70000000026375706F795F70726572656C656173654355,莫煩_Python3 基礎學 零基礎必修Python入門實作,00000165AD54BA78000000086375706F795F70726572656C656173654349,python基礎 6 for循環 ,"['tech_tw', 'robot_tw']",['python'],B0310653,2,0,85,2019-06-30
00000165AD08BC70000000026375706F795F70726572656C656173654355,莫煩_Python3 基礎學 零基礎必修Python入門實作,00000165AD55F470000000096375706F795F70726572656C656173654349,python基礎 7 if 條件,"['tech_tw', 'robot_tw']",['python'],B0310653,2,53,85,2019-06-30
00000165AD08BC70000000026375706F795F70726572656C656173654355,莫煩_Python3 基礎學 零基礎必修Python入門實作,00000165AD56B3500000000A6375706F795F70726572656C656173654349,python基礎 8 if else 條件 ,"['tech_tw', 'robot_tw']",['python'],B0310653,2,4,85,2019-06-30
00000165AD08BC70000000026375706F795F70726572656C656173654355,莫煩_Python3 基礎學 零基礎必修Python入門實作,00000165AD577A710000000B6375706F795F70726572656C656173654349,python基礎 9 if elif else ,"['tech_tw', 'robot_tw']",['python'],B0310653,2,2,85,2019-06-30
00000165AD08BC70000000026375706F795F70726572656C656173654355,莫煩_Python3 基礎學 零基礎必修Python入門實作,00000165AD5926D10000000C6375706F795F70726572656C656173654349,python基礎 10 def 函數 ,"['tech_tw', 'robot_tw']",['python'],B0310653,2,68,85,2019-06-30
00000165AD08BC70000000026375706F795F70726572656C656173654355,莫煩_Python3 基礎學 零基礎必修Python入門實作,00000165AD59F1530000000D6375706F795F70726572656C656173654349,python基礎 11 函數 參數 ,"['tech_tw', 'robot_tw']",['python'],B0310653,2,95,85,2019-06-30
00000165AD08BC70000000026375706F795F70726572656C656173654355,莫煩_Python3 基礎學 零基礎必修Python入門實作,00000165AD5AD3470000000E6375706F795F70726572656C656173654349,python基础 12 函数默认参数 (教学教程tutorial) - YouTube,"['tech_tw', 'robot_tw']",['python'],B0310653,2,63,85,2019-06-30
00000165AD08BC70000000026375706F795F70726572656C656173654355,莫煩_Python3 基礎學 零基礎必修Python入門實作,00000165AD5C198A0000000F6375706F795F70726572656C656173654349,python基礎 13 全局 & 局部變量， global & local ,"['tech_tw', 'robot_tw']",['python'],B0310653,2,85,85,2019-06-30
00000165AD08BC70000000026375706F795F70726572656C656173654355,莫煩_Python3 基礎學 零基礎必修Python入門實作,00000165AD5D875A000000106375706F795F70726572656C656173654349,python基礎 14 模塊安裝,"['tech_tw', 'robot_tw']",['python'],B0310653,3,3,85,2019-06-30
00000165AD08BC70000000026375706F795F70726572656C656173654355,莫煩_Python3 基礎學 零基礎必修Python入門實作,00000165AD5F081F000000116375706F795F70726572656C656173654349,python基礎 15 讀寫文件1 ,"['tech_tw', 'robot_tw']",['python'],B0310653,3,170,85,2019-06-30
00000167E4306181000000026375706F795F72656C656173654355,彭彭老師_Python 入門教學 從初學到精通,00000167E4448878000000046375706F795F72656C656173654349,1. 簡介、安裝、與快速開始,"['tech_tw', 'robot_tw']",['python'],B0310653,1,1,18,2019-06-30
00000167E4306181000000026375706F795F72656C656173654355,彭彭老師_Python 入門教學 從初學到精通,00000167E475BC8E000000056375706F795F72656C656173654349,1.Python 變數與資料型態 ,"['tech_tw', 'robot_tw']",['python'],B0310653,3,5,18,2019-06-30
00000167E4306181000000026375706F795F72656C656173654355,彭彭老師_Python 入門教學 從初學到精通,00000167E484F8C4000000066375706F795F72656C656173654349,2.Python 數字、字串的基本運算,"['tech_tw', 'robot_tw']",['python'],B0310653,2,3,18,2019-06-30
00000167E4306181000000026375706F795F72656C656173654355,彭彭老師_Python 入門教學 從初學到精通,00000167E48F4A0F000000076375706F795F72656C656173654349,3.Python 有序列表的基本運算 - List、Tuple ,"['tech_tw', 'robot_tw']",['python'],B0310653,2,260,18,2019-06-30
00000167E4306181000000026375706F795F72656C656173654355,彭彭老師_Python 入門教學 從初學到精通,00000167E493C02B000000086375706F795F72656C656173654349,4.Python 集合、字典的基本運算 - Set、Dictionary ,"['tech_tw', 'robot_tw']",['python'],B0310653,2,2,18,2019-06-30
00000167E4306181000000026375706F795F72656C656173654355,彭彭老師_Python 入門教學 從初學到精通,00000167E499483A000000096375706F795F72656C656173654349,１.Python 流程控制：if 判斷式 ,"['tech_tw', 'robot_tw']",['python'],B0310653,1,1,18,2019-06-30
00000167E4306181000000026375706F795F72656C656173654355,彭彭老師_Python 入門教學 從初學到精通,00000167EE0E31F9000000026375706F795F72656C656173654349,２.Python 流程控制：迴圈基礎，while 迴圈、for 迴圈 ,"['tech_tw', 'robot_tw']",['python'],B0310653,1,1,18,2019-06-30
00000167E4306181000000026375706F795F72656C656173654355,彭彭老師_Python 入門教學 從初學到精通,00000167EE3A3FBE000000036375706F795F72656C656173654349,３.Python 流程控制：迴圈進階控制，break、continue、else 命令 ,"['tech_tw', 'robot_tw']",['python'],B0310653,1,2,18,2019-06-30
00000167E4306181000000026375706F795F72656C656173654355,彭彭老師_Python 入門教學 從初學到精通,00000167EE5768AF000000046375706F795F72656C656173654349,１.Python 函式基礎：定義並呼叫函式 ,"['tech_tw', 'robot_tw']",['python'],B0310653,1,2,18,2019-06-30
00000167E4306181000000026375706F795F72656C656173654355,彭彭老師_Python 入門教學 從初學到精通,00000167EE613823000000056375706F795F72656C656173654349,２.Python 函式參數詳解：參數預設值、名稱對應、任意長度參數,"['tech_tw', 'robot_tw']",['python'],B0310653,1,1,18,2019-06-30
00000167E4306181000000026375706F795F72656C656173654355,彭彭老師_Python 入門教學 從初學到精通,00000167EE8BB2A0000000066375706F795F72656C656173654349,3. Python Module 模組的載入與使用 ,"['tech_tw', 'robot_tw']",['python'],B0310653,1,1,18,2019-06-30
00000168EB35DA05000000026375706F795F72656C656173654355,李宏毅_第一堂深度學習課,00000168FF1BD9FE000000796375706F795F72656C656173654349,1-1：Can shallow network fit any function?,"['tech_tw', 'robot_tw']",['empty'],B0310653,1,19,0,2019-06-30
0000016A61A250D6000000016375706F795F72656C656173654355,"企業大數據認證( Enterprise Big Data Certification, EBDC ) ",0000016A691A5E32000000016375706F795F72656C656173654349,第一章 大數據的介紹,"['WhiteCollar_tw', 'business_tw', 'tech_tw', 'management_tw', 'robot_tw']",['empty'],C4410729,1,35,28,2019-06-30
0000016A61A250D6000000016375706F795F72656C656173654355,"企業大數據認證( Enterprise Big Data Certification, EBDC ) ",0000016A8655BE20000000026375706F795F72656C656173654349,第二章 大數據框架,"['WhiteCollar_tw', 'business_tw', 'tech_tw', 'management_tw', 'robot_tw']",['empty'],C4410729,1,27,28,2019-06-30
0000016A61A250D6000000016375706F795F72656C656173654355,"企業大數據認證( Enterprise Big Data Certification, EBDC ) ",0000016A86738FE9000000036375706F795F72656C656173654349,第三章 大數據戰略,"['WhiteCollar_tw', 'business_tw', 'tech_tw', 'management_tw', 'robot_tw']",['empty'],C4410729,1,7,28,2019-06-30
0000016A61A250D6000000016375706F795F72656C656173654355,"企業大數據認證( Enterprise Big Data Certification, EBDC ) ",0000016A868A6680000000056375706F795F72656C656173654349,第五章  大數據演算法,"['WhiteCollar_tw', 'business_tw', 'tech_tw', 'management_tw', 'robot_tw']",['empty'],C4410729,1,4,28,2019-06-30
0000016A61A250D6000000016375706F795F72656C656173654355,"企業大數據認證( Enterprise Big Data Certification, EBDC ) ",0000016A87B5C398000000086375706F795F72656C656173654349,第八章 人工智慧,"['WhiteCollar_tw', 'business_tw', 'tech_tw', 'management_tw', 'robot_tw']",['empty'],C4410729,1,0,28,2019-06-30
0000016A61A250D6000000016375706F795F72656C656173654355,"企業大數據認證( Enterprise Big Data Certification, EBDC ) ",0000016B22A9C8F3000000046375706F795F72656C656173654349,2019年6月台北開課計畫,"['WhiteCollar_tw', 'business_tw', 'tech_tw', 'management_tw', 'robot_tw']",['empty'],C4410729,2,11,28,2019-06-30
0000016A61A250D6000000016375706F795F72656C656173654355,"企業大數據認證( Enterprise Big Data Certification, EBDC ) ",0000016B22BB37FB000000076375706F795F72656C656173654349,2019年5月份 台南酷學員分享 - YouTube,"['WhiteCollar_tw', 'business_tw', 'tech_tw', 'management_tw', 'robot_tw']",['empty'],C4410729,1,3,28,2019-06-30
0000016A61A250D6000000016375706F795F72656C656173654355,"企業大數據認證( Enterprise Big Data Certification, EBDC ) ",0000016B6CC280D1000000086375706F795F72656C656173654349,2019年7月說明會與課程資訊,"['WhiteCollar_tw', 'business_tw', 'tech_tw', 'management_tw', 'robot_tw']",['empty'],C4410729,2,21,28,2019-06-30
0000016A61A250D6000000016375706F795F72656C656173654355,"企業大數據認證( Enterprise Big Data Certification, EBDC ) ",0000016BA77CB74A000000026375706F795F72656C656173654349,啤酒與尿布是傳奇典範，還是純粹的以訛傳訛？,"['WhiteCollar_tw', 'business_tw', 'tech_tw', 'management_tw', 'robot_tw']",['empty'],C4410729,1,26,28,2019-06-30
0000015B70A6BD8F000000036375706F795F72656C656173654355,b-crossTV平面設計頻道,0000015B70C300AF000000A66375706F795F72656C656173654349,【平面設計】設計元素【點】的分享_element of design principle [dot]【教學教室】,"['Hipster_tw', 'design_tw', 'graphic_design_tw']","['平面設計', '設計', '設計平台']",F4810138,1,0,48,2019-07-01
0000015B70A6BD8F000000036375706F795F72656C656173654355,b-crossTV平面設計頻道,00000166FF7E202A00000B246375706F795F72656C656173654349,創意決定一切 三個超有效創意點子 大揭秘！【b-crossTV平面設計頻道】feat  Koji Eyetalk 日本藥妝 雙眼皮膠,"['Hipster_tw', 'design_tw', 'graphic_design_tw']","['平面設計', '設計', '設計平台']",F4810138,1,8,48,2019-07-01
0000015C9B785571000000086375706F795F72656C656173654355,茶杯の黑橡木群島系列,00000160E9DCBCE8000000F86375706F795F72656C656173654349,【Minecraft】茶杯生存Ep118 首次挑戰凋零王!【當個創世神】,"['GamePlayer_tw', 'Game_tw', 'GameInformation_tw']","['實況', '遊戲', '遊戲情報']",49910145,1,10,15,2019-07-01
0000015C9B785571000000086375706F795F72656C656173654355,茶杯の黑橡木群島系列,00000160E9DCBE70000000F96375706F795F72656C656173654349,【限時塗鴉】茶杯到底在畫什麼?,"['GamePlayer_tw', 'Game_tw', 'GameInformation_tw']","['實況', '遊戲', '遊戲情報']",49910145,1,8,15,2019-07-01
0000015CCB648C7D000000096375706F795F72656C656173654355,和之夢,0000015CCFFF2C53000000086375706F795F72656C656173654349,為了成為中國人而瀕臨崩潰的日本小夥,"['Babyhome_tw', 'CityTour_tw', 'Hedonism_tw', 'life_tw', 'TravelLife_tw']","['旅行', '海外中國人', '風土民情']",F4810138,1,0,17,2019-07-01
0000015CCB648C7D000000096375706F795F72656C656173654355,和之夢,0000015CD052E4B2000000AE6375706F795F72656C656173654349,超級日本通的中國姑娘,"['Babyhome_tw', 'CityTour_tw', 'Hedonism_tw', 'life_tw', 'TravelLife_tw']","['旅行', '海外中國人', '風土民情']",F4810138,1,877,17,2019-07-01
0000015CD0001417000000016375706F795F72656C656173654355,Mira's Garden-我的韓國生活,0000015CD02545820000006F6375706F795F72656C656173654349,韓國旅行常用手機Apps,"['Babyhome_tw', 'CityTour_tw', 'Hedonism_tw', 'life_tw', 'TravelLife_tw']","['文化', '旅遊', '韓國']",D2510143,1,9,20,2019-07-01
0000015CD0001417000000016375706F795F72656C656173654355,Mira's Garden-我的韓國生活,0000015CD025607F000000706375706F795F72656C656173654349,不要被韓國男生騙了！拆解韓國男生的告白方法？,"['Babyhome_tw', 'CityTour_tw', 'Hedonism_tw', 'life_tw', 'TravelLife_tw']","['文化', '旅遊', '韓國']",D2510143,1,0,20,2019-07-01
0000015CE2C12886000000026375706F795F72656C656173654355,腦補給,0000015E7F80B439000000B96375706F795F72656C656173654349,另外5個人類還一直相信的錯誤迷思,['life_tw'],"['新知', '生活', '知識']",6CA10149,1,9,8,2019-07-01
00000162BE7534B3000000086375706F795F72656C656173654355,區塊鏈的前世今生與未來,00000162BE75EA9C0000006C6375706F795F72656C656173654349,Blockchain 源起 1-1｜區塊鏈從何而來?,"['tech_tw', 'BlockChain_tw']","['blockchain', '區塊鏈', '杜宏毅']",B0310653,2,27,69,2019-07-01
00000165B2B2925D000000016375706F795F70726572656C656173654355,莫煩_把玩你的數據 機器學習Numpy & Pandas,00000165B2ED04A4000000016375706F795F70726572656C656173654349,1. numpy & pandas 有什麼用? ,"['tech_tw', 'robot_tw']","['matplotlib', 'numpy', 'pandas', 'python']",B0310653,4,197,20,2019-07-01
00000165B2B2925D000000016375706F795F70726572656C656173654355,莫煩_把玩你的數據 機器學習Numpy & Pandas,00000165B2EE046E000000026375706F795F70726572656C656173654349,2. numpy & pandas 安裝,"['tech_tw', 'robot_tw']","['matplotlib', 'numpy', 'pandas', 'python']",B0310653,2,69,20,2019-07-01
00000165B2B2925D000000016375706F795F70726572656C656173654355,莫煩_把玩你的數據 機器學習Numpy & Pandas,00000165B2EF5099000000036375706F795F70726572656C656173654349,3. numpy 屬性 (教學教程),"['tech_tw', 'robot_tw']","['matplotlib', 'numpy', 'pandas', 'python']",B0310653,2,374,20,2019-07-01
00000165B2B2925D000000016375706F795F70726572656C656173654355,莫煩_把玩你的數據 機器學習Numpy & Pandas,00000165B2F0FD0C000000046375706F795F70726572656C656173654349,4. numpy 的創建 array ,"['tech_tw', 'robot_tw']","['matplotlib', 'numpy', 'pandas', 'python']",B0310653,1,1159,20,2019-07-01
00000165B2B2925D000000016375706F795F70726572656C656173654355,莫煩_把玩你的數據 機器學習Numpy & Pandas,00000165B2F1C07D000000056375706F795F70726572656C656173654349,5. numpy的基礎運算 ,"['tech_tw', 'robot_tw']","['matplotlib', 'numpy', 'pandas', 'python']",B0310653,1,86,20,2019-07-01
00000165B2B2925D000000016375706F795F70726572656C656173654355,莫煩_把玩你的數據 機器學習Numpy & Pandas,00000165B2F27E92000000066375706F795F70726572656C656173654349,6. numpy的基礎運算2 ,"['tech_tw', 'robot_tw']","['matplotlib', 'numpy', 'pandas', 'python']",B0310653,1,0,20,2019-07-01
000001661A14B2E2000000016375706F795F70726572656C656173654355,莫煩_有趣的機器學習 新手入門聖經,000001661A3A039A000000016375706F795F70726572656C656173654349,什麼是機器學習? ,['empty'],['empty'],B0310653,1,378,34,2019-07-01
000001661A14B2E2000000016375706F795F70726572656C656173654355,莫煩_有趣的機器學習 新手入門聖經,000001661A3F2CA9000000026375706F795F70726572656C656173654349,人工神經網絡 VS 生物神經網絡 ,['empty'],['empty'],B0310653,1,0,34,2019-07-01
00000167E4306181000000026375706F795F72656C656173654355,彭彭老師_Python 入門教學 從初學到精通,00000167E493C02B000000086375706F795F72656C656173654349,4.Python 集合、字典的基本運算 - Set、Dictionary ,"['tech_tw', 'robot_tw']",['python'],B0310653,2,193,18,2019-07-01
00000168E4E001DA000000016375706F795F72656C656173654355, 李宏毅_機器學習基礎與應用,00000168E4F24C29000000026375706F795F72656C656173654349,ML Lecture 0-1：Introduction of  Machine Learning ,['empty'],['empty'],B0310653,1,6,23,2019-07-01
00000168FF4AF517000000036375706F795F72656C656173654355,林軒田_機器學習技法 Machine Learning Techniques,00000168FF601F18000000846375706F795F72656C656173654349,Large-Margin Separating Hyperplane ,"['tech_tw', 'robot_tw']",['機器學習'],B0310653,1,6,28,2019-07-01
0000016A61A250D6000000016375706F795F72656C656173654355,"企業大數據認證( Enterprise Big Data Certification, EBDC ) ",0000016BA77CB74A000000026375706F795F72656C656173654349,啤酒與尿布是傳奇典範，還是純粹的以訛傳訛？,"['WhiteCollar_tw', 'business_tw', 'tech_tw', 'management_tw', 'robot_tw']",['empty'],C4410729,1,51,28,2019-07-01
0000015B70A6BD8F000000036375706F795F72656C656173654355,b-crossTV平面設計頻道,00000166FF7E202A00000B246375706F795F72656C656173654349,創意決定一切 三個超有效創意點子 大揭秘！【b-crossTV平面設計頻道】feat  Koji Eyetalk 日本藥妝 雙眼皮膠,"['Hipster_tw', 'design_tw', 'graphic_design_tw']","['平面設計', '設計', '設計平台']",F4810138,1,1,48,2019-07-02
0000015C3B1ED81B0000000A6375706F795F72656C656173654355,啾啾鞋-啾讀,0000015C3B217A34000004206375706F795F72656C656173654349,這作者到底嗑了什麼? | 歡迎來到夜谷 Welcome to night vale,"['Reading_tw', 'ReadNovel_tw']","['書籍', '說書', '閱讀']",97210140,1,4,22,2019-07-02
0000015C8339F3F10000000B6375706F795F72656C656173654355,翔麟-Minecraft系列,000001690992D0BF0000FC326375706F795F72656C656173654349,瑪利歐兄弟與另一個巨大馬桶※神奇青蛙※Amazing Frog,"['GamePlayer_tw', 'Game_tw', 'GameInformation_tw']","['Minecraft', '遊戲', '遊戲實況']",D1010139,1,19,10,2019-07-02
0000015C8339F3F10000000B6375706F795F72656C656173654355,翔麟-Minecraft系列,0000016970620715000193576375706F795F72656C656173654349,警察出動，但最後他還在...※【這個人是誰】Who is This Man ※潛入搜查遊戲,"['GamePlayer_tw', 'Game_tw', 'GameInformation_tw']","['Minecraft', '遊戲', '遊戲實況']",D1010139,1,49,10,2019-07-02
0000015C8339F3F10000000B6375706F795F72656C656173654355,翔麟-Minecraft系列,000001697953F5D10001A17F6375706F795F72656C656173654349,用吸塵器抓鬼※MC小地圖※煩人的鬼怪 這些鬼也太可愛了,"['GamePlayer_tw', 'Game_tw', 'GameInformation_tw']","['Minecraft', '遊戲', '遊戲實況']",D1010139,2,45,10,2019-07-02
0000015D56127F76000000016375706F795F72656C656173654355,加點吉拿棒,0000015D56203214000000D76375706F795F72656C656173654349,秘密的坦格利安家人?! | 超粒方,"['GamePlayer_tw', 'Hipster_tw', 'life_tw', 'movie_tw']","['影視', '文化', '電影']",49910145,1,1,25,2019-07-02
0000015D56127F76000000016375706F795F72656C656173654355,加點吉拿棒,0000015D5620E077000000D86375706F795F72656C656173654349,《冰與火之歌》到底好看在哪裡?,"['GamePlayer_tw', 'Hipster_tw', 'life_tw', 'movie_tw']","['影視', '文化', '電影']",49910145,1,0,25,2019-07-02
00000162AE60B18B000000036375706F795F72656C656173654355,投資理財入門｜拯救月光族,00000162AE61A7DE0000003D6375706F795F72656C656173654349,月光是種病藥方開給你.mp4,"['WhiteCollar_tw', 'business_tw', 'FinancialManagement_tw']","['投資', '月光族', '理財', '理財入門']",B0310653,1,14,36,2019-07-02
00000162BE7534B3000000086375706F795F72656C656173654355,區塊鏈的前世今生與未來,00000162BE75EA9C0000006C6375706F795F72656C656173654349,Blockchain 源起 1-1｜區塊鏈從何而來?,"['tech_tw', 'BlockChain_tw']","['blockchain', '區塊鏈', '杜宏毅']",B0310653,1,3,69,2019-07-02
000001658F0C5812000000016375706F795F70726572656C656173654355,莫煩_Python3 網頁爬蟲教學,000001658F95F05A000000026375706F795F70726572656C656173654349,#1 Why? ,"['tech_tw', 'robot_tw']","['AI人工智慧', 'Python', '爬蟲']",B0310653,1,21,57,2019-07-02
00000165AD08BC70000000026375706F795F70726572656C656173654355,莫煩_Python3 基礎學 零基礎必修Python入門實作,00000165AD4C7863000000036375706F795F70726572656C656173654349,python基礎 1 安裝,"['tech_tw', 'robot_tw']",['python'],B0310653,1,4,85,2019-07-02
00000165AD08BC70000000026375706F795F70726572656C656173654355,莫煩_Python3 基礎學 零基礎必修Python入門實作,00000165AD500096000000046375706F795F70726572656C656173654349,python基礎 2 print (),"['tech_tw', 'robot_tw']",['python'],B0310653,1,1,85,2019-07-02
00000165AD08BC70000000026375706F795F70726572656C656173654355,莫煩_Python3 基礎學 零基礎必修Python入門實作,00000165AD5147E0000000056375706F795F70726572656C656173654349,python基礎 3 數學 ,"['tech_tw', 'robot_tw']",['python'],B0310653,1,2,85,2019-07-02
00000165AD08BC70000000026375706F795F70726572656C656173654355,莫煩_Python3 基礎學 零基礎必修Python入門實作,00000165AD52377B000000066375706F795F70726572656C656173654349,python基礎 4 自變量 variable ,"['tech_tw', 'robot_tw']",['python'],B0310653,1,7,85,2019-07-02
00000165AD08BC70000000026375706F795F70726572656C656173654355,莫煩_Python3 基礎學 零基礎必修Python入門實作,00000165AD53ED81000000076375706F795F70726572656C656173654349,python基礎 5 while循環 ,"['tech_tw', 'robot_tw']",['python'],B0310653,1,42,85,2019-07-02
00000165AD08BC70000000026375706F795F70726572656C656173654355,莫煩_Python3 基礎學 零基礎必修Python入門實作,00000165ADE8DEE9000000236375706F795F70726572656C656173654349,python基礎 33 Python tkinter 1 什麼是tkinter窗口 ,"['tech_tw', 'robot_tw']",['python'],B0310653,1,0,85,2019-07-02
000001661A14B2E2000000016375706F795F70726572656C656173654355,莫煩_有趣的機器學習 新手入門聖經,00000166399E4AE6000000156375706F795F70726572656C656173654349,什麼是強化學習? ,['empty'],['empty'],B0310653,1,1,34,2019-07-02
000001661A14B2E2000000016375706F795F70726572656C656173654355,莫煩_有趣的機器學習 新手入門聖經,0000016639A11F98000000166375706F795F70726572656C656173654349,強化學習方法彙總,['empty'],['empty'],B0310653,1,661,34,2019-07-02
00000166D3C9E54E000000016375706F795F70726572656C656173654355,莫煩_搭建我的神經網路 深度學習必學Tensorflow,000001685AE4EB70000000366375706F795F72656C656173654349,什麼是自編碼 Autoencoder (深度學習)? What is an Autoencoder in Neural Networks (deep learning)? ,"['tech_tw', 'robot_tw']","['Tensorflow', 'Transfer learning', '神經網路', '遷移學習']",B0310653,1,0,8,2019-07-02
00000166D3C9E54E000000016375706F795F70726572656C656173654355,莫煩_搭建我的神經網路 深度學習必學Tensorflow,000001685AE5939F000000376375706F795F72656C656173654349,Tensorflow 21 自編碼 Autoencoder (非監督學習) (神經網絡 教學教程tutorial) ,"['tech_tw', 'robot_tw']","['Tensorflow', 'Transfer learning', '神經網路', '遷移學習']",B0310653,1,1,8,2019-07-02
000001697FB74EB0000000026375706F795F72656C656173654355,李宏毅_強化學習（Reinforce Learning）,000001697FBE4C04000000096375706F795F72656C656173654349,Policy Gradient (Review),"['tech_tw', 'robot_tw']",['機器學習'],6CA10149,1,6,2,2019-07-02
000001697FB74EB0000000026375706F795F72656C656173654355,李宏毅_強化學習（Reinforce Learning）,000001697FBE4E5F0000000A6375706F795F72656C656173654349, Proximal Policy Optimization (PPO),"['tech_tw', 'robot_tw']",['機器學習'],6CA10149,1,8,2,2019-07-02
000001697FC08CA7000000036375706F795F72656C656173654355,李宏毅 _對抗生成網路 GAN,000001697FC3116F000000136375706F795F72656C656173654349,Unsupervised Conditional Generation,"['tech_tw', 'robot_tw']",['empty'],6CA10149,2,12,2,2019-07-02
0000016A61A250D6000000016375706F795F72656C656173654355,"企業大數據認證( Enterprise Big Data Certification, EBDC ) ",0000016B6CC280D1000000086375706F795F72656C656173654349,2019年7月說明會與課程資訊,"['WhiteCollar_tw', 'business_tw', 'tech_tw', 'management_tw', 'robot_tw']",['empty'],C4410729,1,0,28,2019-07-02
0000015AE0AA617C000000076375706F795F72656C656173654355,曼食慢語,0000015AE0C8A189000000FF6375706F795F72656C656173654349,鮮肉粽子,"['CityTour_tw', 'Hedonism_tw', 'life_tw', 'PopularDelicacy_tw']","['廚藝', '料理', '美食']",33510142,1,0,33,2019-07-03
0000015B225FB53D000000016375706F795F72656C656173654355,得到知識新聞,0000015D98C95C17000001E06375706F795F72656C656173654349,如何應對負能量同事？,"['WhiteCollar_tw', 'business_tw', 'management_tw']","['學習', '知識', '閱讀']",97210140,1,1,81,2019-07-03
0000015B225FB53D000000016375706F795F72656C656173654355,得到知識新聞,0000015D98C98AB6000001E16375706F795F72656C656173654349,商業：如何更好地實現公司合併,"['WhiteCollar_tw', 'business_tw', 'management_tw']","['學習', '知識', '閱讀']",97210140,2,105,81,2019-07-03
0000015B225FB53D000000016375706F795F72656C656173654355,得到知識新聞,0000015D98C9C1F8000001E26375706F795F72656C656173654349,文學：虛構與真實,"['WhiteCollar_tw', 'business_tw', 'management_tw']","['學習', '知識', '閱讀']",97210140,1,2,81,2019-07-03
0000015B225FB53D000000016375706F795F72656C656173654355,得到知識新聞,0000015D98C9EFF3000001E36375706F795F72656C656173654349,新研究：男性對婚姻更滿意？,"['WhiteCollar_tw', 'business_tw', 'management_tw']","['學習', '知識', '閱讀']",97210140,3,110,81,2019-07-03
0000015B3BD0BE330000000A6375706F795F72656C656173654355,跑步心情,0000015CC96A290F000000C46375706F795F72656C656173654349,越忙碌越跑步：是跑步更是生活方式,"['Fitness_tw', 'Sports_tw', 'Joggings_tw']","['健康', '跑步', '運動']",33510142,1,47,41,2019-07-03
0000015B70A6BD8F000000036375706F795F72656C656173654355,b-crossTV平面設計頻道,00000166FF7E202A00000B246375706F795F72656C656173654349,創意決定一切 三個超有效創意點子 大揭秘！【b-crossTV平面設計頻道】feat  Koji Eyetalk 日本藥妝 雙眼皮膠,"['Hipster_tw', 'design_tw', 'graphic_design_tw']","['平面設計', '設計', '設計平台']",F4810138,1,0,48,2019-07-03
0000015B722CA75F000000056375706F795F72656C656173654355,米娜朗讀,0000015B722EF679000000F36375706F795F72656C656173654349,恐怖故事 なつのさん系列-我和S的相遇【之後會更新錄製朗讀版本】,"['Reading_tw', '_UNDEF_', 'ReadNovel_tw']","['小說', '書籍', '閱讀']",33510142,1,4,17,2019-07-03
0000015B722CA75F000000056375706F795F72656C656173654355,米娜朗讀,0000015B722F5D72000000F56375706F795F72656C656173654349,恐怖故事 なつのさん系列-輾過吊死鬼【之後會更新錄製朗讀版本】,"['Reading_tw', '_UNDEF_', 'ReadNovel_tw']","['小說', '書籍', '閱讀']",33510142,1,6,17,2019-07-03
0000015B722CA75F000000056375706F795F72656C656173654355,米娜朗讀,0000015B722FC632000000F76375706F795F72656C656173654349,恐怖故事 なつのさん系列-同歸岬【之後會更新錄製朗讀版本】,"['Reading_tw', '_UNDEF_', 'ReadNovel_tw']","['小說', '書籍', '閱讀']",33510142,1,7,17,2019-07-03
0000015B722CA75F000000056375706F795F72656C656173654355,米娜朗讀,0000015B722FF9EA000000F86375706F795F72656C656173654349,恐怖經驗-米娜的親身經驗1 非朗讀版本開台隨興講的,"['Reading_tw', '_UNDEF_', 'ReadNovel_tw']","['小說', '書籍', '閱讀']",33510142,1,2,17,2019-07-03
0000015B722CA75F000000056375706F795F72656C656173654355,米娜朗讀,0000015B72303A8B000000F96375706F795F72656C656173654349,恐怖經驗-米娜的親身經驗2 非朗讀版本開台隨意講的,"['Reading_tw', '_UNDEF_', 'ReadNovel_tw']","['小說', '書籍', '閱讀']",33510142,1,3,17,2019-07-03
0000015B722CA75F000000056375706F795F72656C656173654355,米娜朗讀,0000015E363646A0000000116375706F795F72656C656173654349,台灣怪談-紅衣小女孩與魔神仔的祖先 – 魑魅魍魎【米娜朗讀】,"['Reading_tw', '_UNDEF_', 'ReadNovel_tw']","['小說', '書籍', '閱讀']",33510142,1,6,17,2019-07-03
0000015BFC8C74DB000000036375706F795F72656C656173654355,U-CAR 汽車網站,00000167876CFA15000088D06375706F795F72656C656173654349,【U-Live直播】Eclipse Cross與Kuga等車強化戰力、直播屆滿1週年！[第52集 20181207],"['life_tw', 'car_tw']","['汽車', '消費', '車款']",D1010139,1,0,8,2019-07-03
0000015BFC8C74DB000000036375706F795F72656C656173654355,U-CAR 汽車網站,0000016949CA63530001567D6375706F795F72656C656173654349,全新Toyota RAV4你提我試：3/5中午前開放網友在影片下方留言提問！我們將在試駕前選出網友們在意的問題進行相關影音測試報導 | U-CAR 現場報導,"['life_tw', 'car_tw']","['汽車', '消費', '車款']",D1010139,1,4,8,2019-07-03
0000015BFC8C74DB000000036375706F795F72656C656173654355,U-CAR 汽車網站,00000169597C686100016F256375706F795F72656C656173654349,Toyota RAV4 試駕：實測AEB自動煞車 與CR-V比較ACC自動跟車、詳解網友對於2.0L旗艦車型各項配備問題(中文字幕) | U-CAR 新車試駕 (TSS系統測試、噪音測量、TNGA),"['life_tw', 'car_tw']","['汽車', '消費', '車款']",D1010139,1,0,8,2019-07-03
0000015C47FCFD4D000000016375706F795F72656C656173654355,Taiwan Bar,00000169638497A800017F126375706F795F72656C656173654349,我們怎麼說的？讓「說書」變得不一樣？ -《學霸話經典》EP0.5?｜臺灣吧TaiwanBar,['life_tw'],"['動畫', '文化', '知識']",F4810138,2,27,36,2019-07-03
0000015C8D7C9D24000000046375706F795F72656C656173654355,Auto-Online 汽車線上情報誌,0000015C8DC6BA0B0000042C6375706F795F72656C656173654349,The All New Volvo XC90 安全的最大值,"['life_tw', 'car_tw']","['汽車', '生活情報', '體驗']",97210140,1,64,0,2019-07-03
0000015C9B785571000000086375706F795F72656C656173654355,茶杯の黑橡木群島系列,00000164E28B26CE000013FC6375706F795F72656C656173654349,【Minecraft】茶杯生存Ep181 📣1.13海豚超音波尋寶法【當個創世神】,"['GamePlayer_tw', 'Game_tw', 'GameInformation_tw']","['實況', '遊戲', '遊戲情報']",49910145,1,0,15,2019-07-03
0000015C9B785571000000086375706F795F72656C656173654355,茶杯の黑橡木群島系列,0000016BB324B6DA00004A106375706F795F72656C656173654349,【玩水瞜💦】你這樣不行啦!!💢 史上最偷吃步的划水IO遊戲💦,"['GamePlayer_tw', 'Game_tw', 'GameInformation_tw']","['實況', '遊戲', '遊戲情報']",49910145,1,8,15,2019-07-03
000001628AA23F3D000000016375706F795F72656C656173654355,艾蜜莉-自由之路｜投資新手9堂課,000001628AA4D63C000000016375706F795F72656C656173654349,我完全不懂投資，要怎麼開始？,"['WhiteCollar_tw', 'business_tw', 'FinancialManagement_tw']","['價值投資法', '投資理財', '艾蜜莉']",B0310653,1,17,50,2019-07-03
000001628AA23F3D000000016375706F795F72656C656173654355,艾蜜莉-自由之路｜投資新手9堂課,000001628ACBFEAB000000026375706F795F72656C656173654349,投資，達成財務自由的「加速」法則！,"['WhiteCollar_tw', 'business_tw', 'FinancialManagement_tw']","['價值投資法', '投資理財', '艾蜜莉']",B0310653,1,83,50,2019-07-03
000001628AA23F3D000000016375706F795F72656C656173654355,艾蜜莉-自由之路｜投資新手9堂課,000001628AD2E005000000036375706F795F72656C656173654349,教你如何選「適合」自己的投資工具！,"['WhiteCollar_tw', 'business_tw', 'FinancialManagement_tw']","['價值投資法', '投資理財', '艾蜜莉']",B0310653,1,98,50,2019-07-03
000001628AA23F3D000000016375706F795F72656C656173654355,艾蜜莉-自由之路｜投資新手9堂課,000001628AD98B8F000000046375706F795F72656C656173654349,那些年，我跟怪老子學的理財大小事！（一堂價值百萬的理財課程）,"['WhiteCollar_tw', 'business_tw', 'FinancialManagement_tw']","['價值投資法', '投資理財', '艾蜜莉']",B0310653,2,193,50,2019-07-03
000001628AA23F3D000000016375706F795F72656C656173654355,艾蜜莉-自由之路｜投資新手9堂課,000001628AEA90A1000000056375706F795F72656C656173654349,破解巴菲特評估企業的 4大原則！（內附實用財經查詢好站）,"['WhiteCollar_tw', 'business_tw', 'FinancialManagement_tw']","['價值投資法', '投資理財', '艾蜜莉']",B0310653,1,1410,50,2019-07-03
000001658F0C5812000000016375706F795F70726572656C656173654355,莫煩_Python3 網頁爬蟲教學,000001658FAC20760000000E6375706F795F70726572656C656173654349,#5.2 高效無憂的 Scrapy 爬蟲庫,"['tech_tw', 'robot_tw']","['AI人工智慧', 'Python', '爬蟲']",B0310653,1,0,57,2019-07-03
00000165AD08BC70000000026375706F795F70726572656C656173654355,莫煩_Python3 基礎學 零基礎必修Python入門實作,00000165AD4C7863000000036375706F795F70726572656C656173654349,python基礎 1 安裝,"['tech_tw', 'robot_tw']",['python'],B0310653,1,452,85,2019-07-03
00000165AD08BC70000000026375706F795F70726572656C656173654355,莫煩_Python3 基礎學 零基礎必修Python入門實作,00000165AD500096000000046375706F795F70726572656C656173654349,python基礎 2 print (),"['tech_tw', 'robot_tw']",['python'],B0310653,1,532,85,2019-07-03
00000165AD08BC70000000026375706F795F70726572656C656173654355,莫煩_Python3 基礎學 零基礎必修Python入門實作,00000165AD5147E0000000056375706F795F70726572656C656173654349,python基礎 3 數學 ,"['tech_tw', 'robot_tw']",['python'],B0310653,1,227,85,2019-07-03
00000165AD08BC70000000026375706F795F70726572656C656173654355,莫煩_Python3 基礎學 零基礎必修Python入門實作,00000165AD52377B000000066375706F795F70726572656C656173654349,python基礎 4 自變量 variable ,"['tech_tw', 'robot_tw']",['python'],B0310653,1,0,85,2019-07-03
00000166D3C9E54E000000016375706F795F70726572656C656173654355,莫煩_搭建我的神經網路 深度學習必學Tensorflow,00000166F1FBC7D5000000016375706F795F70726572656C656173654349,科普: 人工神經網絡 VS 生物神經網絡 - YouTube,"['tech_tw', 'robot_tw']","['Tensorflow', 'Transfer learning', '神經網路', '遷移學習']",B0310653,1,48,8,2019-07-03
000001694CF469DD000000086375706F795F72656C656173654355,李宏毅_深度學習進階,000001694D02D227000001566375706F795F72656C656173654349,Review：Basic Structures for Deep Learning Models (Part I),"['tech_tw', 'robot_tw']",['empty'],6CA10149,1,10,3,2019-07-03
0000016A61A250D6000000016375706F795F72656C656173654355,"企業大數據認證( Enterprise Big Data Certification, EBDC ) ",0000016A691A5E32000000016375706F795F72656C656173654349,第一章 大數據的介紹,"['WhiteCollar_tw', 'business_tw', 'tech_tw', 'management_tw', 'robot_tw']",['empty'],C4410729,3,137,28,2019-07-03
0000016A61A250D6000000016375706F795F72656C656173654355,"企業大數據認證( Enterprise Big Data Certification, EBDC ) ",0000016A86738FE9000000036375706F795F72656C656173654349,第三章 大數據戰略,"['WhiteCollar_tw', 'business_tw', 'tech_tw', 'management_tw', 'robot_tw']",['empty'],C4410729,1,6,28,2019-07-03
0000016A61A250D6000000016375706F795F72656C656173654355,"企業大數據認證( Enterprise Big Data Certification, EBDC ) ",0000016A868A6680000000056375706F795F72656C656173654349,第五章  大數據演算法,"['WhiteCollar_tw', 'business_tw', 'tech_tw', 'management_tw', 'robot_tw']",['empty'],C4410729,1,0,28,2019-07-03
0000016A61A250D6000000016375706F795F72656C656173654355,"企業大數據認證( Enterprise Big Data Certification, EBDC ) ",0000016A87B5C398000000086375706F795F72656C656173654349,第八章 人工智慧,"['WhiteCollar_tw', 'business_tw', 'tech_tw', 'management_tw', 'robot_tw']",['empty'],C4410729,1,75,28,2019-07-03
0000015B2451FC2F000000036375706F795F72656C656173654355,A股筆記,0000015B27EE3DE9000005556375706F795F72656C656173654349,1回歸投資的本質，做時間的朋友,"['WhiteCollar_tw', 'business_tw', 'FinancialManagement_tw']","['A股', '投資', '投資心得', '投資筆記']",9B310147,1,95,29,2019-07-04
0000015B7B51C50D000000086375706F795F72656C656173654355,M.E.魔競,00000169FDE5D1C4000020E96375706F795F72656C656173654349,【Lilballz】XO醬拌LoL節目#9精華 - 三聯單既出,"['GamePlayer_tw', 'Game_tw', 'GameInformation_tw']","['實況主', '數位影音', '遊戲']",49910145,1,0,16,2019-07-04
0000015BAA8791210000001B6375706F795F72656C656173654355,阿滴英文,0000015D6E117436000001EB6375706F795F72656C656173654349,阿滴英文｜只會delicious? 吃貨必學專業美食評論!（2分鐘英語教室）,"['WhiteCollar_tw', 'business_tw', 'career_tw']","['學習', '教學', '英文']",D1010139,1,0,55,2019-07-04
0000015BAA8791210000001B6375706F795F72656C656173654355,阿滴英文,0000015D95F5CA6C0000017F6375706F795F72656C656173654349,阿滴英文｜卡拉OK? 拉麵? 源自日本的英文單字（2分鐘英語教室）,"['WhiteCollar_tw', 'business_tw', 'career_tw']","['學習', '教學', '英文']",D1010139,1,2,55,2019-07-04
0000015BAA8791210000001B6375706F795F72656C656173654355,阿滴英文,00000164D6DB5474000007366375706F795F72656C656173654349,阿滴英文｜Pop Music Challenge! 西洋流行歌曲搶答賽! feat. 魏嘉瑩,"['WhiteCollar_tw', 'business_tw', 'career_tw']","['學習', '教學', '英文']",D1010139,1,0,55,2019-07-04
0000015BAEC7B483000000246375706F795F72656C656173654355,健康冷知識-SunGuts,0000015BAF521FC600000F5E6375706F795F72656C656173654349,高低肩歪骨盆該怎麼辦？,"['Babyhome_tw', 'Fitness_tw', 'Hedonism_tw', 'life_tw', 'health_tw']","['健康', '動畫', '幽默']",FA910146,1,2,37,2019-07-04
0000015BAEC7B483000000246375706F795F72656C656173654355,健康冷知識-SunGuts,0000015BAF52A56F00000F5F6375706F795F72656C656173654349,一舉手就痛？你罹患了肩夾擠症候群！？,"['Babyhome_tw', 'Fitness_tw', 'Hedonism_tw', 'life_tw', 'health_tw']","['健康', '動畫', '幽默']",FA910146,1,0,37,2019-07-04
0000015C3A83A82A000000086375706F795F72656C656173654355,袁騰飛-五千年系列,0000015C3A87F3AC000002D56375706F795F72656C656173654349,皇室版“狼來了”,"['Reading_tw', 'ReadNovel_tw']","['中華文明', '歷史', '袁騰飛']",9B310147,1,13,18,2019-07-04
0000015C3A83A82A000000086375706F795F72656C656173654355,袁騰飛-五千年系列,0000015C3ABA0C07000003086375706F795F72656C656173654349,田氏代齊,"['Reading_tw', 'ReadNovel_tw']","['中華文明', '歷史', '袁騰飛']",9B310147,2,34,18,2019-07-04
0000015C3A83A82A000000086375706F795F72656C656173654355,袁騰飛-五千年系列,0000015C3AEE62C5000003636375706F795F72656C656173654349,韓信大顯身手,"['Reading_tw', 'ReadNovel_tw']","['中華文明', '歷史', '袁騰飛']",9B310147,1,0,18,2019-07-04
0000015C3A83A82A000000086375706F795F72656C656173654355,袁騰飛-五千年系列,0000015C3AEE975D000003646375706F795F72656C656173654349,楚河漢界的由來,"['Reading_tw', 'ReadNovel_tw']","['中華文明', '歷史', '袁騰飛']",9B310147,2,13,18,2019-07-04
0000015C3A83A82A000000086375706F795F72656C656173654355,袁騰飛-五千年系列,0000015C3AEEC0BE000003656375706F795F72656C656173654349,楚漢之爭的詭異結局,"['Reading_tw', 'ReadNovel_tw']","['中華文明', '歷史', '袁騰飛']",9B310147,1,8,18,2019-07-04
0000015C3B1ED81B0000000A6375706F795F72656C656173654355,啾啾鞋-啾讀,0000015E7F717EDA000000A86375706F795F72656C656173654349,大學存在的目的? 政治辯論為何淪為口水戰? | 哲學能做什麼?,"['Reading_tw', 'ReadNovel_tw']","['書籍', '說書', '閱讀']",97210140,2,5,22,2019-07-04
0000015C8339F3F10000000B6375706F795F72656C656173654355,翔麟-Minecraft系列,0000015C8FCD1165000004CD6375706F795F72656C656173654349,當個創世神※Minecraft※魔戒與吸血鬼 Ep.25 陶瑞丹金字塔,"['GamePlayer_tw', 'Game_tw', 'GameInformation_tw']","['Minecraft', '遊戲', '遊戲實況']",D1010139,1,131,10,2019-07-04
0000015C8339F3F10000000B6375706F795F72656C656173654355,翔麟-Minecraft系列,0000015C8FCD6BA6000004CE6375706F795F72656C656173654349,當個創世神※Minecraft※魔戒與吸血鬼 Ep.26 進入烏圖姆諾,"['GamePlayer_tw', 'Game_tw', 'GameInformation_tw']","['Minecraft', '遊戲', '遊戲實況']",D1010139,2,561,10,2019-07-04
0000015C8339F3F10000000B6375706F795F72656C656173654355,翔麟-Minecraft系列,0000015C8FCDBBF5000004CF6375706F795F72656C656173654349,當個創世神※Minecraft※魔戒與吸血鬼 Ep.27 炎魔現身,"['GamePlayer_tw', 'Game_tw', 'GameInformation_tw']","['Minecraft', '遊戲', '遊戲實況']",D1010139,2,411,10,2019-07-04
0000015C8339F3F10000000B6375706F795F72656C656173654355,翔麟-Minecraft系列,0000015C8FCF9E29000004D16375706F795F72656C656173654349,當個創世神※Minecraft※魔戒與吸血鬼 Ep.29 炎魔之鞭獲得,"['GamePlayer_tw', 'Game_tw', 'GameInformation_tw']","['Minecraft', '遊戲', '遊戲實況']",D1010139,1,0,10,2019-07-04
0000015CCB568012000000086375706F795F72656C656173654355,花媽家說故事,0000015E5A2CB256000000596375706F795F72656C656173654349,貪財貓神（上）,"['Babyhome_tw', 'life_tw', 'parenting_tw']","['故事', '親子', '閱讀']",FA910146,1,2,17,2019-07-04
0000015CCB568012000000086375706F795F72656C656173654355,花媽家說故事,0000015E7FAAD3B2000000EF6375706F795F72656C656173654349,阿魯武士（上）,"['Babyhome_tw', 'life_tw', 'parenting_tw']","['故事', '親子', '閱讀']",FA910146,3,12,17,2019-07-04
000001623C92A4E8000000036375706F795F72656C656173654355,夯翻鼠|投資理財FQ,00000162B637AEEB000041676375706F795F72656C656173654349,大牛不爽領股利？股票除權息的各種股民～怎麼操作一次看懂 |夯翻鼠FQ13 投資理財,"['WhiteCollar_tw', 'business_tw']","['ETF', '投資教學', '理財知識']",B0310653,1,2,39,2019-07-04
000001628AA23F3D000000016375706F795F72656C656173654355,艾蜜莉-自由之路｜投資新手9堂課,000001628AA4D63C000000016375706F795F72656C656173654349,我完全不懂投資，要怎麼開始？,"['WhiteCollar_tw', 'business_tw', 'FinancialManagement_tw']","['價值投資法', '投資理財', '艾蜜莉']",B0310653,1,10,50,2019-07-04
00000162AE60B18B000000036375706F795F72656C656173654355,投資理財入門｜拯救月光族,00000162AE61A7DE0000003D6375706F795F72656C656173654349,月光是種病藥方開給你.mp4,"['WhiteCollar_tw', 'business_tw', 'FinancialManagement_tw']","['投資', '月光族', '理財', '理財入門']",B0310653,1,8,36,2019-07-04
00000165AD08BC70000000026375706F795F70726572656C656173654355,莫煩_Python3 基礎學 零基礎必修Python入門實作,00000165AD4C7863000000036375706F795F70726572656C656173654349,python基礎 1 安裝,"['tech_tw', 'robot_tw']",['python'],B0310653,1,15,85,2019-07-04
00000165AD08BC70000000026375706F795F70726572656C656173654355,莫煩_Python3 基礎學 零基礎必修Python入門實作,00000165AD500096000000046375706F795F70726572656C656173654349,python基礎 2 print (),"['tech_tw', 'robot_tw']",['python'],B0310653,1,12,85,2019-07-04
00000165F64C90C2000000016375706F795F70726572656C656173654355,莫煩_Scikit-learn python數據科學入門,00000165F66D7963000000026375706F795F70726572656C656173654349,Scikit-Learn 1. Why?,"['tech_tw', 'robot_tw']","['sklearn', '機器學習']",B0310653,1,12,38,2019-07-04
00000165F64C90C2000000016375706F795F70726572656C656173654355,莫煩_Scikit-learn python數據科學入門,00000165F670B84F000000036375706F795F70726572656C656173654349,Scikit-Learn 2. 安裝,"['tech_tw', 'robot_tw']","['sklearn', '機器學習']",B0310653,1,37,38,2019-07-04
000001661A14B2E2000000016375706F795F70726572656C656173654355,莫煩_有趣的機器學習 新手入門聖經,000001661A3A039A000000016375706F795F70726572656C656173654349,什麼是機器學習? ,['empty'],['empty'],B0310653,1,1,34,2019-07-04
00000168E4E001DA000000016375706F795F72656C656173654355, 李宏毅_機器學習基礎與應用,00000168EA1433080000000D6375706F795F72656C656173654349,ML Lecture 7：Backpropagation ,['empty'],['empty'],B0310653,1,3,23,2019-07-04
00000168E4E001DA000000016375706F795F72656C656173654355, 李宏毅_機器學習基礎與應用,00000168EA14BDC00000000E6375706F795F72656C656173654349,ML Lecture 8-1：“Hello world” of deep learning ,['empty'],['empty'],B0310653,1,39,23,2019-07-04
0000015BAF5D1AAD000000256375706F795F72656C656173654355,日本人看台灣-三原慧悟,0000015BAF8F634D00000FD06375706F795F72656C656173654349,【菜喳魚乾阿晋】女裝癖的同性戀日本男子，喜歡上了面具台灣男子!!【&三原日劇】,"['Babyhome_tw', 'CityTour_tw', 'Hedonism_tw', 'life_tw', 'TravelLife_tw']","['文化', '旅遊', '生活']",33510142,1,0,30,2019-07-05
0000015BFC5B3A2C000000026375706F795F72656C656173654355,全民瘋車Bar,000001626DEDE8A8000004BC6375706F795F72656C656173654349,Mazda 3 行車安全推動者 試駕- 廖怡塵【全民瘋車Bar】86,"['life_tw', 'car_tw']","['汽車', '消費', '生活']",D1010139,1,0,3,2019-07-05
0000015BFC8C74DB000000036375706F795F72656C656173654355,U-CAR 汽車網站,00000160EA1551E3000001D06375706F795F72656C656173654349,【U-Live直播】2018臺北車展現場連線 展場亮點分享 [第5集 20171229],"['life_tw', 'car_tw']","['汽車', '消費', '車款']",D1010139,1,41,8,2019-07-05
0000015BFC8C74DB000000036375706F795F72656C656173654355,U-CAR 汽車網站,00000160EA1554A6000001D16375706F795F72656C656173654349,2018臺北車展：展前預告 多款期待新車現場直擊 | U-CAR 現場報導,"['life_tw', 'car_tw']","['汽車', '消費', '車款']",D1010139,1,0,8,2019-07-05
0000015BFD2ED61F000000046375706F795F72656C656173654355,TCar 試車頻道,000001697ADA25EB0001A38C6375706F795F72656C656173654349,[4K] 發現你的美 All New Toyota RAV4 2.5 Hybrid 旗艦型 新車試駕 - TCar,"['life_tw', 'car_tw']","['汽車', '消費', '試車']",D1010139,1,14,4,2019-07-05
0000015C9B785571000000086375706F795F72656C656173654355,茶杯の黑橡木群島系列,0000015D29B8A28F000000806375706F795F72656C656173654349,苦力怕指導我蓋倉庫?!,"['GamePlayer_tw', 'Game_tw', 'GameInformation_tw']","['實況', '遊戲', '遊戲情報']",49910145,1,0,15,2019-07-05
0000015C9B785571000000086375706F795F72656C656173654355,茶杯の黑橡木群島系列,000001648F3543C50000245F6375706F795F72656C656173654349,【Surviv.io】雙人吃雞!🐣戰神冠冠參戰!💥這遊戲也太難玩了吧 Ft.冠冠【茶杯】,"['GamePlayer_tw', 'Game_tw', 'GameInformation_tw']","['實況', '遊戲', '遊戲情報']",49910145,1,0,15,2019-07-05
0000015C9B785571000000086375706F795F72656C656173654355,茶杯の黑橡木群島系列,000001649997FCF100002FAC6375706F795F72656C656173654349,【Minecraft】茶杯生存Ep177 😉如何輕鬆捕捉地獄幽靈?你看不到我😉【當個創世神】,"['GamePlayer_tw', 'Game_tw', 'GameInformation_tw']","['實況', '遊戲', '遊戲情報']",49910145,3,7,15,2019-07-05
0000015C9B785571000000086375706F795F72656C656173654355,茶杯の黑橡木群島系列,00000164AE84B15F0000013C6375706F795F72656C656173654349,【Minecraft】茶杯生存Ep178 ⇝超震動!殭屍豬人微波陷阱!【當個創世神】,"['GamePlayer_tw', 'Game_tw', 'GameInformation_tw']","['實況', '遊戲', '遊戲情報']",49910145,1,29,15,2019-07-05
0000015C9B785571000000086375706F795F72656C656173654355,茶杯の黑橡木群島系列,0000016BBD92EEE2000056316375706F795F72656C656173654349,【爸爸模擬器】💢我受不了啦! 氣到敲桌子的憤怒憤怒茶杯老爸!💢,"['GamePlayer_tw', 'Game_tw', 'GameInformation_tw']","['實況', '遊戲', '遊戲情報']",49910145,2,25,15,2019-07-05
0000015CCB568012000000086375706F795F72656C656173654355,花媽家說故事,0000015CD087AE8C000000E36375706F795F72656C656173654349,河馬先生搬新家（上）,"['Babyhome_tw', 'life_tw', 'parenting_tw']","['故事', '親子', '閱讀']",FA910146,1,25,17,2019-07-05
000001606D62AE66000000016375706F795F72656C656173654355,頂尖人才這樣來,000001606D9FCF88000000716375706F795F72656C656173654349,關於招募，雇主品牌比你想像的還更重要！,"['WhiteCollar_tw', 'business_tw', 'tech_tw', 'startups_tw']","['創業', '商業', '招募']",96910144,1,0,1,2019-07-05
000001606D62AE66000000016375706F795F72656C656173654355,頂尖人才這樣來,00000160729000B90000009C6375706F795F72656C656173654349,雇主品牌實戰筆記！說書人的力量,"['WhiteCollar_tw', 'business_tw', 'tech_tw', 'startups_tw']","['創業', '商業', '招募']",96910144,1,277,1,2019-07-05
000001623C92A4E8000000036375706F795F72656C656173654355,夯翻鼠|投資理財FQ,000001623C960D93000000126375706F795F72656C656173654349,定期定額超過二年就GG？因為很少人注意這二隻Bug🐞 | 夯翻鼠FQ8 投資理財 基金零股ETF,"['WhiteCollar_tw', 'business_tw']","['ETF', '投資教學', '理財知識']",B0310653,1,0,39,2019-07-05
000001623C92A4E8000000036375706F795F72656C656173654355,夯翻鼠|投資理財FQ,000001623C9754DD000000146375706F795F72656C656173654349,2018二月全球股災～黑天鵝是機器人？ (結果美股2/8又閃崩) | 夯翻鼠FQ7 股票投資理財,"['WhiteCollar_tw', 'business_tw']","['ETF', '投資教學', '理財知識']",B0310653,1,18,39,2019-07-05
0000016883BC542C000000026375706F795F72656C656173654355,林軒田_機器學習入門必學 Machine Learning Foundations,0000016883E0F90A0000003F6375706F795F72656C656173654349,Course Introduction ,"['tech_tw', 'robot_tw']",['機器學習'],B0310653,1,24,21,2019-07-05
0000015AF941E7A6000000026375706F795F72656C656173654355,Vogue 健身教室,0000015AF945345C000002656375706F795F72656C656173654349,孟耿如教間歇運動 開合跳/深蹲/棒式  | 女星請分享 | VOGUE,"['Fitness_tw', 'Sports_tw', 'life_tw', 'fitness_tw']","['健康', '瘦身', '運動']",D1010139,1,11,48,2019-07-06
0000015B70A6BD8F000000036375706F795F72656C656173654355,b-crossTV平面設計頻道,0000015B70C4B01B000000A86375706F795F72656C656173654349,【腦燒】平面設計師最難完成的【韓國女團】【LOGO設計】【TWICE】【APINK】【EXID】【2NE1】【4MINUTE】【APRIL】【bcrossTV平面設計頻道】,"['Hipster_tw', 'design_tw', 'graphic_design_tw']","['平面設計', '設計', '設計平台']",F4810138,1,15,48,2019-07-06
0000015B70A6BD8F000000036375706F795F72656C656173654355,b-crossTV平面設計頻道,0000015B70C6340D000000AA6375706F795F72656C656173654349,【平面設計】新手如何製作logo【速成懶人包】【商標設計】【LOGO設計】,"['Hipster_tw', 'design_tw', 'graphic_design_tw']","['平面設計', '設計', '設計平台']",F4810138,2,136,48,2019-07-06
0000015B70A6BD8F000000036375706F795F72656C656173654355,b-crossTV平面設計頻道,0000015B70C66683000000AB6375706F795F72656C656173654349,【LOGO設計】【 新手設計】【LOGO教學】 第二集 adobe illustrator 【標識設計】,"['Hipster_tw', 'design_tw', 'graphic_design_tw']","['平面設計', '設計', '設計平台']",F4810138,1,0,48,2019-07-06
0000015B70A6BD8F000000036375706F795F72656C656173654355,b-crossTV平面設計頻道,00000166FF7E202A00000B246375706F795F72656C656173654349,創意決定一切 三個超有效創意點子 大揭秘！【b-crossTV平面設計頻道】feat  Koji Eyetalk 日本藥妝 雙眼皮膠,"['Hipster_tw', 'design_tw', 'graphic_design_tw']","['平面設計', '設計', '設計平台']",F4810138,1,0,48,2019-07-06
0000015BCD29A5A90000002A6375706F795F72656C656173654355,【電獺少女─女孩的科技日常】,000001697B8285800001A4FE6375706F795F72656C656173654349,可用App輕鬆看網路狀況 TP Link Archer A6路由器開箱,"['3CExpert_tw', 'tech_tw', '3c_tw']","['產品實測', '產品評論', '產品體驗']",49910145,1,23,68,2019-07-06
0000015BD94483BB000000316375706F795F72656C656173654355,Mii 黃小米,0000015BD94B3E8E000016EC6375706F795F72656C656173654349,2016 開架彩妝X5分鐘學生快速上課妝 All Drugstore Back to School Makeup｜黃小米Mii,"['Hedonism_tw', 'life_tw', 'beautysalon_tw']","['保養', '彩妝', '旅遊']",D2510143,1,0,1,2019-07-06
0000015C3B1ED81B0000000A6375706F795F72656C656173654355,啾啾鞋-啾讀,0000015C3B1FF98B000004196375706F795F72656C656173654349,意志力不夠堅定?讓腦科學來幫你! | 大腦解密手冊 The Brain The Story of You,"['Reading_tw', 'ReadNovel_tw']","['書籍', '說書', '閱讀']",97210140,1,0,22,2019-07-06
000001623C92A4E8000000036375706F795F72656C656173654355,夯翻鼠|投資理財FQ,000001623C9CBFA00000001D6375706F795F72656C656173654349,2乘2不等於4？一組數學公式道盡投資人性～一個投機者的告白(後有小尾巴推書計畫) | 夯翻鼠 說書13,"['WhiteCollar_tw', 'business_tw']","['ETF', '投資教學', '理財知識']",B0310653,1,27,39,2019-07-06
000001628AA23F3D000000016375706F795F72656C656173654355,艾蜜莉-自由之路｜投資新手9堂課,000001628AA4D63C000000016375706F795F72656C656173654349,我完全不懂投資，要怎麼開始？,"['WhiteCollar_tw', 'business_tw', 'FinancialManagement_tw']","['價值投資法', '投資理財', '艾蜜莉']",B0310653,1,0,50,2019-07-06
00000162BE7534B3000000086375706F795F72656C656173654355,區塊鏈的前世今生與未來,00000162BE75EA9C0000006C6375706F795F72656C656173654349,Blockchain 源起 1-1｜區塊鏈從何而來?,"['tech_tw', 'BlockChain_tw']","['blockchain', '區塊鏈', '杜宏毅']",B0310653,1,8,69,2019-07-06
000001697FC08CA7000000036375706F795F72656C656173654355,李宏毅 _對抗生成網路 GAN,000001697FC30B8E000000116375706F795F72656C656173654349,Introduction,"['tech_tw', 'robot_tw']",['empty'],6CA10149,1,2,2,2019-07-06
